team_id,year_id,fran_id,elo_n,lat,lon,color
ATL,1980,Hawks,1582.3186586206898,33.7489954,-84.3879824,#E03A3E
ATL,1981,Hawks,1472.0622890243899,33.7489954,-84.3879824,#E03A3E
ATL,1982,Hawks,1480.719410714286,33.7489954,-84.3879824,#E03A3E
ATL,1983,Hawks,1506.2670999999998,33.7489954,-84.3879824,#E03A3E
ATL,1984,Hawks,1483.1517459770114,33.7489954,-84.3879824,#E03A3E
ATL,1985,Hawks,1470.7965524390238,33.7489954,-84.3879824,#E03A3E
ATL,1986,Hawks,1529.0034824175823,33.7489954,-84.3879824,#E03A3E
ATL,1987,Hawks,1632.8475208791215,33.7489954,-84.3879824,#E03A3E
ATL,1988,Hawks,1611.2264382978724,33.7489954,-84.3879824,#E03A3E
ATL,1989,Hawks,1591.5445241379316,33.7489954,-84.3879824,#E03A3E
ATL,1990,Hawks,1512.749615853658,33.7489954,-84.3879824,#E03A3E
ATL,1991,Hawks,1523.4941367816086,33.7489954,-84.3879824,#E03A3E
ATL,1992,Hawks,1485.4618182926831,33.7489954,-84.3879824,#E03A3E
ATL,1993,Hawks,1472.7751094117652,33.7489954,-84.3879824,#E03A3E
ATL,1994,Hawks,1601.3654215053766,33.7489954,-84.3879824,#E03A3E
ATL,1995,Hawks,1524.822756470588,33.7489954,-84.3879824,#E03A3E
ATL,1996,Hawks,1527.9480739130431,33.7489954,-84.3879824,#E03A3E
ATL,1997,Hawks,1610.3832032608698,33.7489954,-84.3879824,#E03A3E
ATL,1998,Hawks,1589.7803069767444,33.7489954,-84.3879824,#E03A3E
ATL,1999,Hawks,1584.0312898305078,33.7489954,-84.3879824,#E03A3E
ATL,2000,Hawks,1447.5933231707331,33.7489954,-84.3879824,#E03A3E
ATL,2001,Hawks,1355.3075804878051,33.7489954,-84.3879824,#E03A3E
ATL,2002,Hawks,1388.135509756098,33.7489954,-84.3879824,#E03A3E
ATL,2003,Hawks,1423.2803256097552,33.7489954,-84.3879824,#E03A3E
ATL,2004,Hawks,1400.8164207317075,33.7489954,-84.3879824,#E03A3E
ATL,2005,Hawks,1302.4700621951215,33.7489954,-84.3879824,#E03A3E
ATL,2006,Hawks,1309.4960048780479,33.7489954,-84.3879824,#E03A3E
ATL,2007,Hawks,1388.6821743902442,33.7489954,-84.3879824,#E03A3E
ATL,2008,Hawks,1437.814691011236,33.7489954,-84.3879824,#E03A3E
ATL,2009,Hawks,1523.0548483870966,33.7489954,-84.3879824,#E03A3E
ATL,2010,Hawks,1586.7381107526874,33.7489954,-84.3879824,#E03A3E
ATL,2011,Hawks,1536.1646936170214,33.7489954,-84.3879824,#E03A3E
ATL,2012,Hawks,1539.0646263888889,33.7489954,-84.3879824,#E03A3E
ATL,2013,Hawks,1525.0193738636362,33.7489954,-84.3879824,#E03A3E
ATL,2014,Hawks,1480.9952146067412,33.7489954,-84.3879824,#E03A3E
ATL,2015,Hawks,1607.2668438775509,33.7489954,-84.3879824,#E03A3E
BOS,1980,Celtics,1603.686265934066,42.360082500000004,-71.0588801,#007A33
BOS,1981,Celtics,1674.9213131313131,42.360082500000004,-71.0588801,#007A33
BOS,1982,Celtics,1676.5398968085108,42.360082500000004,-71.0588801,#007A33
BOS,1983,Celtics,1654.1035786516845,42.360082500000004,-71.0588801,#007A33
BOS,1984,Celtics,1647.147539047619,42.360082500000004,-71.0588801,#007A33
BOS,1985,Celtics,1686.3284504854366,42.360082500000004,-71.0588801,#007A33
BOS,1986,Celtics,1723.489248,42.360082500000004,-71.0588801,#007A33
BOS,1987,Celtics,1701.8472961904768,42.360082500000004,-71.0588801,#007A33
BOS,1988,Celtics,1637.9715595959601,42.360082500000004,-71.0588801,#007A33
BOS,1989,Celtics,1536.398605882353,42.360082500000004,-71.0588801,#007A33
BOS,1990,Celtics,1547.2150172413785,42.360082500000004,-71.0588801,#007A33
BOS,1991,Celtics,1610.7729311827961,42.360082500000004,-71.0588801,#007A33
BOS,1992,Celtics,1558.6011499999993,42.360082500000004,-71.0588801,#007A33
BOS,1993,Celtics,1542.1312744186048,42.360082500000004,-71.0588801,#007A33
BOS,1994,Celtics,1444.5151780487809,42.360082500000004,-71.0588801,#007A33
BOS,1995,Celtics,1432.7487906976746,42.360082500000004,-71.0588801,#007A33
BOS,1996,Celtics,1416.7910914634147,42.360082500000004,-71.0588801,#007A33
BOS,1997,Celtics,1339.36103902439,42.360082500000004,-71.0588801,#007A33
BOS,1998,Celtics,1399.552436585366,42.360082500000004,-71.0588801,#007A33
BOS,1999,Celtics,1434.9575699999998,42.360082500000004,-71.0588801,#007A33
BOS,2000,Celtics,1459.953702439025,42.360082500000004,-71.0588801,#007A33
BOS,2001,Celtics,1448.97787195122,42.360082500000004,-71.0588801,#007A33
BOS,2002,Celtics,1530.3350897959185,42.360082500000004,-71.0588801,#007A33
BOS,2003,Celtics,1521.8609673913038,42.360082500000004,-71.0588801,#007A33
BOS,2004,Celtics,1457.156029069768,42.360082500000004,-71.0588801,#007A33
BOS,2005,Celtics,1498.2333932584272,42.360082500000004,-71.0588801,#007A33
BOS,2006,Celtics,1471.0040682926829,42.360082500000004,-71.0588801,#007A33
BOS,2007,Celtics,1389.886008536585,42.360082500000004,-71.0588801,#007A33
BOS,2008,Celtics,1646.7464972222226,42.360082500000004,-71.0588801,#007A33
BOS,2009,Celtics,1702.122708333335,42.360082500000004,-71.0588801,#007A33
BOS,2010,Celtics,1620.7291283018872,42.360082500000004,-71.0588801,#007A33
BOS,2011,Celtics,1660.3392175824174,42.360082500000004,-71.0588801,#007A33
BOS,2012,Celtics,1575.9561732558136,42.360082500000004,-71.0588801,#007A33
BOS,2013,Celtics,1527.482177011495,42.360082500000004,-71.0588801,#007A33
BOS,2014,Celtics,1419.6202073170728,42.360082500000004,-71.0588801,#007A33
BOS,2015,Celtics,1425.5194279069767,42.360082500000004,-71.0588801,#007A33
BRK,2013,Nets,1504.1942393258425,40.7127837,-74.00594129999999,#000000
BRK,2014,Nets,1502.8667340425534,40.7127837,-74.00594129999999,#000000
BRK,2015,Nets,1468.8618284090912,40.7127837,-74.00594129999999,#000000
CHA,2005,Hornets,1278.0913463414636,,,
CHA,2006,Hornets,1354.5640926829267,,,
CHA,2007,Hornets,1403.588343902439,,,
CHA,2008,Hornets,1418.0348524390245,,,
CHA,2009,Hornets,1448.5948378048786,,,
CHA,2010,Hornets,1516.715051162791,,,
CHA,2011,Hornets,1453.895447560976,,,
CHA,2012,Hornets,1284.1820424242426,,,
CHA,2013,Hornets,1260.204442682927,,,
CHA,2014,Hornets,1436.8169383720929,,,
CHH,1989,Pelicans,1275.9170121951215,35.2270869,-80.8431267,#1D1160
CHH,1990,Pelicans,1269.9957548780494,35.2270869,-80.8431267,#1D1160
CHH,1991,Pelicans,1345.2692,35.2270869,-80.8431267,#1D1160
CHH,1992,Pelicans,1394.257112195122,35.2270869,-80.8431267,#1D1160
CHH,1993,Pelicans,1470.9924120879125,35.2270869,-80.8431267,#1D1160
CHH,1994,Pelicans,1491.7827548780483,35.2270869,-80.8431267,#1D1160
CHH,1995,Pelicans,1551.342111627907,35.2270869,-80.8431267,#1D1160
CHH,1996,Pelicans,1497.5891743902441,35.2270869,-80.8431267,#1D1160
CHH,1997,Pelicans,1545.7577447058825,35.2270869,-80.8431267,#1D1160
CHH,1998,Pelicans,1567.9601461538452,35.2270869,-80.8431267,#1D1160
CHH,1999,Pelicans,1511.1367980000002,35.2270869,-80.8431267,#1D1160
CHH,2000,Pelicans,1561.0014499999993,35.2270869,-80.8431267,#1D1160
CHH,2001,Pelicans,1567.9856641304348,35.2270869,-80.8431267,#1D1160
CHH,2002,Pelicans,1529.5135098901098,35.2270869,-80.8431267,#1D1160
CHI,1980,Bulls,1418.8712060975604,41.8781136,-87.62979820000001,#CE1141
CHI,1981,Bulls,1505.6026204545458,41.8781136,-87.62979820000001,#CE1141
CHI,1982,Bulls,1483.3606073170733,41.8781136,-87.62979820000001,#CE1141
CHI,1983,Bulls,1416.6005524390246,41.8781136,-87.62979820000001,#CE1141
CHI,1984,Bulls,1414.0247036585363,41.8781136,-87.62979820000001,#CE1141
CHI,1985,Bulls,1448.46501627907,41.8781136,-87.62979820000001,#CE1141
CHI,1986,Bulls,1413.1156882352936,41.8781136,-87.62979820000001,#CE1141
CHI,1987,Bulls,1485.5218400000006,41.8781136,-87.62979820000001,#CE1141
CHI,1988,Bulls,1564.953238043478,41.8781136,-87.62979820000001,#CE1141
CHI,1989,Bulls,1559.5368808080805,41.8781136,-87.62979820000001,#CE1141
CHI,1990,Bulls,1591.0582316326522,41.8781136,-87.62979820000001,#CE1141
CHI,1991,Bulls,1678.6359373737378,41.8781136,-87.62979820000001,#CE1141
CHI,1992,Bulls,1753.427952884614,41.8781136,-87.62979820000001,#CE1141
CHI,1993,Bulls,1681.6755277227726,41.8781136,-87.62979820000001,#CE1141
CHI,1994,Bulls,1616.1521847826086,41.8781136,-87.62979820000001,#CE1141
CHI,1995,Bulls,1576.9967239130444,41.8781136,-87.62979820000001,#CE1141
CHI,1996,Bulls,1744.2614679999995,41.8781136,-87.62979820000001,#CE1141
CHI,1997,Bulls,1788.63954059406,41.8781136,-87.62979820000001,#CE1141
CHI,1998,Bulls,1713.1909805825242,41.8781136,-87.62979820000001,#CE1141
CHI,1999,Bulls,1496.7912920000006,41.8781136,-87.62979820000001,#CE1141
CHI,2000,Bulls,1307.1333475609756,41.8781136,-87.62979820000001,#CE1141
CHI,2001,Bulls,1262.6468743902435,41.8781136,-87.62979820000001,#CE1141
CHI,2002,Bulls,1292.6427780487802,41.8781136,-87.62979820000001,#CE1141
CHI,2003,Bulls,1364.2428914634145,41.8781136,-87.62979820000001,#CE1141
CHI,2004,Bulls,1354.4729195121954,41.8781136,-87.62979820000001,#CE1141
CHI,2005,Bulls,1463.0417295454538,41.8781136,-87.62979820000001,#CE1141
CHI,2006,Bulls,1501.319601136364,41.8781136,-87.62979820000001,#CE1141
CHI,2007,Bulls,1574.8223478260868,41.8781136,-87.62979820000001,#CE1141
CHI,2008,Bulls,1480.939831707317,41.8781136,-87.62979820000001,#CE1141
CHI,2009,Bulls,1474.2615471910115,41.8781136,-87.62979820000001,#CE1141
CHI,2010,Bulls,1484.3601747126434,41.8781136,-87.62979820000001,#CE1141
CHI,2011,Bulls,1617.4950571428571,41.8781136,-87.62979820000001,#CE1141
CHI,2012,Bulls,1670.7925069444445,41.8781136,-87.62979820000001,#CE1141
CHI,2013,Bulls,1549.85889787234,41.8781136,-87.62979820000001,#CE1141
CHI,2014,Bulls,1527.9783206896548,41.8781136,-87.62979820000001,#CE1141
CHI,2015,Bulls,1572.0016031914893,41.8781136,-87.62979820000001,#CE1141
CHO,2015,Hornets,1453.9361426829275,,,
CLE,1980,Cavaliers,1452.1828841463416,41.499320000000004,-81.6943605,#6F263D
CLE,1981,Cavaliers,1436.3280951219513,41.499320000000004,-81.6943605,#6F263D
CLE,1982,Cavaliers,1317.2951146341466,41.499320000000004,-81.6943605,#6F263D
CLE,1983,Cavaliers,1292.6508012195115,41.499320000000004,-81.6943605,#6F263D
CLE,1984,Cavaliers,1388.952906097561,41.499320000000004,-81.6943605,#6F263D
CLE,1985,Cavaliers,1415.7814139534878,41.499320000000004,-81.6943605,#6F263D
CLE,1986,Cavaliers,1475.1140170731715,41.499320000000004,-81.6943605,#6F263D
CLE,1987,Cavaliers,1414.26256097561,41.499320000000004,-81.6943605,#6F263D
CLE,1988,Cavaliers,1499.908626436782,41.499320000000004,-81.6943605,#6F263D
CLE,1989,Cavaliers,1646.9600367816092,41.499320000000004,-81.6943605,#6F263D
CLE,1990,Cavaliers,1492.7451068965522,41.499320000000004,-81.6943605,#6F263D
CLE,1991,Cavaliers,1438.994980487805,41.499320000000004,-81.6943605,#6F263D
CLE,1992,Cavaliers,1584.119731313131,41.499320000000004,-81.6943605,#6F263D
CLE,1993,Cavaliers,1632.6233999999995,41.499320000000004,-81.6943605,#6F263D
CLE,1994,Cavaliers,1580.3060717647065,41.499320000000004,-81.6943605,#6F263D
CLE,1995,Cavaliers,1539.7584755813953,41.499320000000004,-81.6943605,#6F263D
CLE,1996,Cavaliers,1516.0722505882354,41.499320000000004,-81.6943605,#6F263D
CLE,1997,Cavaliers,1539.8437768292686,41.499320000000004,-81.6943605,#6F263D
CLE,1998,Cavaliers,1555.889318604651,41.499320000000004,-81.6943605,#6F263D
CLE,1999,Cavaliers,1523.9462219999998,41.499320000000004,-81.6943605,#6F263D
CLE,2000,Cavaliers,1433.2596829268296,41.499320000000004,-81.6943605,#6F263D
CLE,2001,Cavaliers,1415.9252182926834,41.499320000000004,-81.6943605,#6F263D
CLE,2002,Cavaliers,1388.2052146341464,41.499320000000004,-81.6943605,#6F263D
CLE,2003,Cavaliers,1316.7494585365853,41.499320000000004,-81.6943605,#6F263D
CLE,2004,Cavaliers,1384.7094926829266,41.499320000000004,-81.6943605,#6F263D
CLE,2005,Cavaliers,1492.122414634147,41.499320000000004,-81.6943605,#6F263D
CLE,2006,Cavaliers,1535.609253684211,41.499320000000004,-81.6943605,#6F263D
CLE,2007,Cavaliers,1569.0393450980387,41.499320000000004,-81.6943605,#6F263D
CLE,2008,Cavaliers,1531.4661905263156,41.499320000000004,-81.6943605,#6F263D
CLE,2009,Cavaliers,1686.195489583334,41.499320000000004,-81.6943605,#6F263D
CLE,2010,Cavaliers,1715.1347806451615,41.499320000000004,-81.6943605,#6F263D
CLE,2011,Cavaliers,1375.161269512195,41.499320000000004,-81.6943605,#6F263D
CLE,2012,Cavaliers,1365.7331787878786,41.499320000000004,-81.6943605,#6F263D
CLE,2013,Cavaliers,1351.4387560975608,41.499320000000004,-81.6943605,#6F263D
CLE,2014,Cavaliers,1387.190008536585,41.499320000000004,-81.6943605,#6F263D
CLE,2015,Cavaliers,1570.4732392156866,41.499320000000004,-81.6943605,#6F263D
DAL,1981,Mavericks,1240.4097524390245,32.7766642,-96.7969879,#00538C
DAL,1982,Mavericks,1338.243474390244,32.7766642,-96.7969879,#00538C
DAL,1983,Mavericks,1462.726590243902,32.7766642,-96.7969879,#00538C
DAL,1984,Mavericks,1498.3755510869564,32.7766642,-96.7969879,#00538C
DAL,1985,Mavericks,1523.1990720930226,32.7766642,-96.7969879,#00538C
DAL,1986,Mavericks,1524.2487510869564,32.7766642,-96.7969879,#00538C
DAL,1987,Mavericks,1606.8414732558144,32.7766642,-96.7969879,#00538C
DAL,1988,Mavericks,1591.9426747474747,32.7766642,-96.7969879,#00538C
DAL,1989,Mavericks,1492.9972158536584,32.7766642,-96.7969879,#00538C
DAL,1990,Mavericks,1473.1135141176471,32.7766642,-96.7969879,#00538C
DAL,1991,Mavericks,1420.6428243902442,32.7766642,-96.7969879,#00538C
DAL,1992,Mavericks,1326.521453658537,32.7766642,-96.7969879,#00538C
DAL,1993,Mavericks,1187.304340243902,32.7766642,-96.7969879,#00538C
DAL,1994,Mavericks,1221.5809731707318,32.7766642,-96.7969879,#00538C
DAL,1995,Mavericks,1400.6224731707318,32.7766642,-96.7969879,#00538C
DAL,1996,Mavericks,1392.8275914634146,32.7766642,-96.7969879,#00538C
DAL,1997,Mavericks,1345.3295670731713,32.7766642,-96.7969879,#00538C
DAL,1998,Mavericks,1314.5713024390247,32.7766642,-96.7969879,#00538C
DAL,1999,Mavericks,1373.153966,32.7766642,-96.7969879,#00538C
DAL,2000,Mavericks,1456.9267926829266,32.7766642,-96.7969879,#00538C
DAL,2001,Mavericks,1583.7888010869567,32.7766642,-96.7969879,#00538C
DAL,2002,Mavericks,1618.0213577777772,32.7766642,-96.7969879,#00538C
DAL,2003,Mavericks,1690.3159294117636,32.7766642,-96.7969879,#00538C
DAL,2004,Mavericks,1617.0567068965522,32.7766642,-96.7969879,#00538C
DAL,2005,Mavericks,1630.7071031578948,32.7766642,-96.7969879,#00538C
DAL,2006,Mavericks,1677.1008685714285,32.7766642,-96.7969879,#00538C
DAL,2007,Mavericks,1695.0883250000006,32.7766642,-96.7969879,#00538C
DAL,2008,Mavericks,1617.9633425287354,32.7766642,-96.7969879,#00538C
DAL,2009,Mavericks,1571.6329510869564,32.7766642,-96.7969879,#00538C
DAL,2010,Mavericks,1601.4726681818179,32.7766642,-96.7969879,#00538C
DAL,2011,Mavericks,1635.174734951456,32.7766642,-96.7969879,#00538C
DAL,2012,Mavericks,1591.257615714286,32.7766642,-96.7969879,#00538C
DAL,2013,Mavericks,1494.8288231707318,32.7766642,-96.7969879,#00538C
DAL,2014,Mavericks,1564.178958426966,32.7766642,-96.7969879,#00538C
DAL,2015,Mavericks,1598.1919241379305,32.7766642,-96.7969879,#00538C
DEN,1980,Nuggets,1447.595318292683,39.739235799999996,-104.990251,#0E2240
DEN,1981,Nuggets,1434.2031573170734,39.739235799999996,-104.990251,#0E2240
DEN,1982,Nuggets,1502.8964176470583,39.739235799999996,-104.990251,#0E2240
DEN,1983,Nuggets,1513.7299622222226,39.739235799999996,-104.990251,#0E2240
DEN,1984,Nuggets,1491.7519781609199,39.739235799999996,-104.990251,#0E2240
DEN,1985,Nuggets,1554.5723422680405,39.739235799999996,-104.990251,#0E2240
DEN,1986,Nuggets,1554.8349206521734,39.739235799999996,-104.990251,#0E2240
DEN,1987,Nuggets,1476.2833341176467,39.739235799999996,-104.990251,#0E2240
DEN,1988,Nuggets,1551.1181903225802,39.739235799999996,-104.990251,#0E2240
DEN,1989,Nuggets,1529.7201423529418,39.739235799999996,-104.990251,#0E2240
DEN,1990,Nuggets,1494.795629411765,39.739235799999996,-104.990251,#0E2240
DEN,1991,Nuggets,1331.3658195121955,39.739235799999996,-104.990251,#0E2240
DEN,1992,Nuggets,1332.7676365853658,39.739235799999996,-104.990251,#0E2240
DEN,1993,Nuggets,1386.9826243902435,39.739235799999996,-104.990251,#0E2240
DEN,1994,Nuggets,1515.5640191489365,39.739235799999996,-104.990251,#0E2240
DEN,1995,Nuggets,1531.5675505882348,39.739235799999996,-104.990251,#0E2240
DEN,1996,Nuggets,1469.2513756097558,39.739235799999996,-104.990251,#0E2240
DEN,1997,Nuggets,1361.8408865853658,39.739235799999996,-104.990251,#0E2240
DEN,1998,Nuggets,1225.104035365853,39.739235799999996,-104.990251,#0E2240
DEN,1999,Nuggets,1295.301208,39.739235799999996,-104.990251,#0E2240
DEN,2000,Nuggets,1406.1286987804885,39.739235799999996,-104.990251,#0E2240
DEN,2001,Nuggets,1468.6875390243902,39.739235799999996,-104.990251,#0E2240
DEN,2002,Nuggets,1412.6297987804876,39.739235799999996,-104.990251,#0E2240
DEN,2003,Nuggets,1336.3920756097555,39.739235799999996,-104.990251,#0E2240
DEN,2004,Nuggets,1482.3158091954022,39.739235799999996,-104.990251,#0E2240
DEN,2005,Nuggets,1525.7447804597698,39.739235799999996,-104.990251,#0E2240
DEN,2006,Nuggets,1532.5354425287358,39.739235799999996,-104.990251,#0E2240
DEN,2007,Nuggets,1516.0882827586206,39.739235799999996,-104.990251,#0E2240
DEN,2008,Nuggets,1575.7037906976745,39.739235799999996,-104.990251,#0E2240
DEN,2009,Nuggets,1605.67382244898,39.739235799999996,-104.990251,#0E2240
DEN,2010,Nuggets,1626.1860170454545,39.739235799999996,-104.990251,#0E2240
DEN,2011,Nuggets,1587.60818045977,39.739235799999996,-104.990251,#0E2240
DEN,2012,Nuggets,1581.970653424658,39.739235799999996,-104.990251,#0E2240
DEN,2013,Nuggets,1622.2079159090913,39.739235799999996,-104.990251,#0E2240
DEN,2014,Nuggets,1514.0941134146344,39.739235799999996,-104.990251,#0E2240
DEN,2015,Nuggets,1447.9158060975617,39.739235799999996,-104.990251,#0E2240
DET,1980,Pistons,1362.250236585366,42.331427000000005,-83.0457538,#C8102E
DET,1981,Pistons,1296.2981670731704,42.331427000000005,-83.0457538,#C8102E
DET,1982,Pistons,1466.624065853658,42.331427000000005,-83.0457538,#C8102E
DET,1983,Pistons,1492.1175621951224,42.331427000000005,-83.0457538,#C8102E
DET,1984,Pistons,1543.8528574712645,42.331427000000005,-83.0457538,#C8102E
DET,1985,Pistons,1573.0211769230773,42.331427000000005,-83.0457538,#C8102E
DET,1986,Pistons,1532.9493488372098,42.331427000000005,-83.0457538,#C8102E
DET,1987,Pistons,1590.1796907216492,42.331427000000005,-83.0457538,#C8102E
DET,1988,Pistons,1642.6889885714286,42.331427000000005,-83.0457538,#C8102E
DET,1989,Pistons,1671.6336888888886,42.331427000000005,-83.0457538,#C8102E
DET,1990,Pistons,1682.6279088235294,42.331427000000005,-83.0457538,#C8102E
DET,1991,Pistons,1606.093616494845,42.331427000000005,-83.0457538,#C8102E
DET,1992,Pistons,1542.509242528736,42.331427000000005,-83.0457538,#C8102E
DET,1993,Pistons,1487.7204926829265,42.331427000000005,-83.0457538,#C8102E
DET,1994,Pistons,1380.0208780487806,42.331427000000005,-83.0457538,#C8102E
DET,1995,Pistons,1336.5612,42.331427000000005,-83.0457538,#C8102E
DET,1996,Pistons,1475.858317647059,42.331427000000005,-83.0457538,#C8102E
DET,1997,Pistons,1604.3084954022988,42.331427000000005,-83.0457538,#C8102E
DET,1998,Pistons,1525.5753475609756,42.331427000000005,-83.0457538,#C8102E
DET,1999,Pistons,1566.964098181818,42.331427000000005,-83.0457538,#C8102E
DET,2000,Pistons,1543.6416023529414,42.331427000000005,-83.0457538,#C8102E
DET,2001,Pistons,1447.7255902439028,42.331427000000005,-83.0457538,#C8102E
DET,2002,Pistons,1520.5364086956513,42.331427000000005,-83.0457538,#C8102E
DET,2003,Pistons,1586.1087484848485,42.331427000000005,-83.0457538,#C8102E
DET,2004,Pistons,1614.0634095238095,42.331427000000005,-83.0457538,#C8102E
DET,2005,Pistons,1613.0917887850474,42.331427000000005,-83.0457538,#C8102E
DET,2006,Pistons,1690.9869250000004,42.331427000000005,-83.0457538,#C8102E
DET,2007,Pistons,1614.7696959183677,42.331427000000005,-83.0457538,#C8102E
DET,2008,Pistons,1651.2522727272733,42.331427000000005,-83.0457538,#C8102E
DET,2009,Pistons,1532.771803488372,42.331427000000005,-83.0457538,#C8102E
DET,2010,Pistons,1396.7273890243896,42.331427000000005,-83.0457538,#C8102E
DET,2011,Pistons,1391.0489292682926,42.331427000000005,-83.0457538,#C8102E
DET,2012,Pistons,1380.9449727272734,42.331427000000005,-83.0457538,#C8102E
DET,2013,Pistons,1410.7064439024389,42.331427000000005,-83.0457538,#C8102E
DET,2014,Pistons,1401.415009756097,42.331427000000005,-83.0457538,#C8102E
DET,2015,Pistons,1407.8583597560973,42.331427000000005,-83.0457538,#C8102E
GSW,1980,Warriors,1428.819457317073,37.8043637,-122.27111370000002,#006BB6
GSW,1981,Warriors,1472.9594195121954,37.8043637,-122.27111370000002,#006BB6
GSW,1982,Warriors,1510.163452439024,37.8043637,-122.27111370000002,#006BB6
GSW,1983,Warriors,1443.9453304878048,37.8043637,-122.27111370000002,#006BB6
GSW,1984,Warriors,1431.9211670731704,37.8043637,-122.27111370000002,#006BB6
GSW,1985,Warriors,1358.2443292682926,37.8043637,-122.27111370000002,#006BB6
GSW,1986,Warriors,1389.3861207317073,37.8043637,-122.27111370000002,#006BB6
GSW,1987,Warriors,1466.5008913043469,37.8043637,-122.27111370000002,#006BB6
GSW,1988,Warriors,1372.5937036585365,37.8043637,-122.27111370000002,#006BB6
GSW,1989,Warriors,1455.644246666667,37.8043637,-122.27111370000002,#006BB6
GSW,1990,Warriors,1446.5294231707321,37.8043637,-122.27111370000002,#006BB6
GSW,1991,Warriors,1498.1220362637353,37.8043637,-122.27111370000002,#006BB6
GSW,1992,Warriors,1581.071176744186,37.8043637,-122.27111370000002,#006BB6
GSW,1993,Warriors,1500.4033865853655,37.8043637,-122.27111370000002,#006BB6
GSW,1994,Warriors,1507.466191764706,37.8043637,-122.27111370000002,#006BB6
GSW,1995,Warriors,1435.9790329268296,37.8043637,-122.27111370000002,#006BB6
GSW,1996,Warriors,1435.0210073170724,37.8043637,-122.27111370000002,#006BB6
GSW,1997,Warriors,1408.4688280487806,37.8043637,-122.27111370000002,#006BB6
GSW,1998,Warriors,1299.0450036585366,37.8043637,-122.27111370000002,#006BB6
GSW,1999,Warriors,1389.8050340000002,37.8043637,-122.27111370000002,#006BB6
GSW,2000,Warriors,1354.1596036585372,37.8043637,-122.27111370000002,#006BB6
GSW,2001,Warriors,1326.9366951219506,37.8043637,-122.27111370000002,#006BB6
GSW,2002,Warriors,1331.5438036585365,37.8043637,-122.27111370000002,#006BB6
GSW,2003,Warriors,1439.0334817073172,37.8043637,-122.27111370000002,#006BB6
GSW,2004,Warriors,1474.6076256097565,37.8043637,-122.27111370000002,#006BB6
GSW,2005,Warriors,1428.4577853658539,37.8043637,-122.27111370000002,#006BB6
GSW,2006,Warriors,1478.9400036585366,37.8043637,-122.27111370000002,#006BB6
GSW,2007,Warriors,1491.548144086022,37.8043637,-122.27111370000002,#006BB6
GSW,2008,Warriors,1585.9288451219506,37.8043637,-122.27111370000002,#006BB6
GSW,2009,Warriors,1453.114604878049,37.8043637,-122.27111370000002,#006BB6
GSW,2010,Warriors,1390.6618353658537,37.8043637,-122.27111370000002,#006BB6
GSW,2011,Warriors,1431.6698609756095,37.8043637,-122.27111370000002,#006BB6
GSW,2012,Warriors,1453.5225772727267,37.8043637,-122.27111370000002,#006BB6
GSW,2013,Warriors,1520.0389882978727,37.8043637,-122.27111370000002,#006BB6
GSW,2014,Warriors,1603.9973685393265,37.8043637,-122.27111370000002,#006BB6
GSW,2015,Warriors,1725.57476407767,37.8043637,-122.27111370000002,#006BB6
HOU,1980,Rockets,1506.0860898876413,29.7604267,-95.36980279999999,#CE1141
HOU,1981,Rockets,1491.7282902912632,29.7604267,-95.36980279999999,#CE1141
HOU,1982,Rockets,1514.777377647059,29.7604267,-95.36980279999999,#CE1141
HOU,1983,Rockets,1322.8947280487805,29.7604267,-95.36980279999999,#CE1141
HOU,1984,Rockets,1379.2907756097559,29.7604267,-95.36980279999999,#CE1141
HOU,1985,Rockets,1500.340991954023,29.7604267,-95.36980279999999,#CE1141
HOU,1986,Rockets,1561.4901264705884,29.7604267,-95.36980279999999,#CE1141
HOU,1987,Rockets,1531.8103206521741,29.7604267,-95.36980279999999,#CE1141
HOU,1988,Rockets,1551.622481395349,29.7604267,-95.36980279999999,#CE1141
HOU,1989,Rockets,1513.7956593023255,29.7604267,-95.36980279999999,#CE1141
HOU,1990,Rockets,1498.9068,29.7604267,-95.36980279999999,#CE1141
HOU,1991,Rockets,1560.5231211764706,29.7604267,-95.36980279999999,#CE1141
HOU,1992,Rockets,1487.9015841463415,29.7604267,-95.36980279999999,#CE1141
HOU,1993,Rockets,1558.3654648936167,29.7604267,-95.36980279999999,#CE1141
HOU,1994,Rockets,1629.545169523809,29.7604267,-95.36980279999999,#CE1141
HOU,1995,Rockets,1599.6583903846156,29.7604267,-95.36980279999999,#CE1141
HOU,1996,Rockets,1596.4992566666665,29.7604267,-95.36980279999999,#CE1141
HOU,1997,Rockets,1590.419755102041,29.7604267,-95.36980279999999,#CE1141
HOU,1998,Rockets,1534.0587862068967,29.7604267,-95.36980279999999,#CE1141
HOU,1999,Rockets,1518.0305962962962,29.7604267,-95.36980279999999,#CE1141
HOU,2000,Rockets,1460.8222756097562,29.7604267,-95.36980279999999,#CE1141
HOU,2001,Rockets,1541.5601500000007,29.7604267,-95.36980279999999,#CE1141
HOU,2002,Rockets,1456.7715243902435,29.7604267,-95.36980279999999,#CE1141
HOU,2003,Rockets,1501.5162926829266,29.7604267,-95.36980279999999,#CE1141
HOU,2004,Rockets,1565.1604551724126,29.7604267,-95.36980279999999,#CE1141
HOU,2005,Rockets,1569.5838516853935,29.7604267,-95.36980279999999,#CE1141
HOU,2006,Rockets,1511.1037158536578,29.7604267,-95.36980279999999,#CE1141
HOU,2007,Rockets,1579.49486741573,29.7604267,-95.36980279999999,#CE1141
HOU,2008,Rockets,1605.1689056818186,29.7604267,-95.36980279999999,#CE1141
HOU,2009,Rockets,1616.9809547368418,29.7604267,-95.36980279999999,#CE1141
HOU,2010,Rockets,1562.3859914634147,29.7604267,-95.36980279999999,#CE1141
HOU,2011,Rockets,1514.9585560975604,29.7604267,-95.36980279999999,#CE1141
HOU,2012,Rockets,1528.0532666666659,29.7604267,-95.36980279999999,#CE1141
HOU,2013,Rockets,1559.061264772727,29.7604267,-95.36980279999999,#CE1141
HOU,2014,Rockets,1613.0696511363633,29.7604267,-95.36980279999999,#CE1141
HOU,2015,Rockets,1623.4501404040404,29.7604267,-95.36980279999999,#CE1141
IND,1980,Pacers,1477.249406097561,39.768403,-86.158068,#002D62
IND,1981,Pacers,1524.0026190476196,39.768403,-86.158068,#002D62
IND,1982,Pacers,1484.4129804878046,39.768403,-86.158068,#002D62
IND,1983,Pacers,1370.1781731707315,39.768403,-86.158068,#002D62
IND,1984,Pacers,1369.9596512195121,39.768403,-86.158068,#002D62
IND,1985,Pacers,1379.4785731707318,39.768403,-86.158068,#002D62
IND,1986,Pacers,1398.5099353658536,39.768403,-86.158068,#002D62
IND,1987,Pacers,1481.2700802325585,39.768403,-86.158068,#002D62
IND,1988,Pacers,1498.9581939024386,39.768403,-86.158068,#002D62
IND,1989,Pacers,1418.830025609756,39.768403,-86.158068,#002D62
IND,1990,Pacers,1485.0630929411764,39.768403,-86.158068,#002D62
IND,1991,Pacers,1473.1410816091955,39.768403,-86.158068,#002D62
IND,1992,Pacers,1508.7072811764706,39.768403,-86.158068,#002D62
IND,1993,Pacers,1519.1310883720928,39.768403,-86.158068,#002D62
IND,1994,Pacers,1561.0082040816324,39.768403,-86.158068,#002D62
IND,1995,Pacers,1610.7860717171716,39.768403,-86.158068,#002D62
IND,1996,Pacers,1590.3298080459774,39.768403,-86.158068,#002D62
IND,1997,Pacers,1538.1001829268291,39.768403,-86.158068,#002D62
IND,1998,Pacers,1627.5006397959187,39.768403,-86.158068,#002D62
IND,1999,Pacers,1628.2709888888885,39.768403,-86.158068,#002D62
IND,2000,Pacers,1626.8970552380954,39.768403,-86.158068,#002D62
IND,2001,Pacers,1519.2949,39.768403,-86.158068,#002D62
IND,2002,Pacers,1496.1568321839081,39.768403,-86.158068,#002D62
IND,2003,Pacers,1552.483732954546,39.768403,-86.158068,#002D62
IND,2004,Pacers,1613.8312153061224,39.768403,-86.158068,#002D62
IND,2005,Pacers,1544.6736168421055,39.768403,-86.158068,#002D62
IND,2006,Pacers,1526.9609954545465,39.768403,-86.158068,#002D62
IND,2007,Pacers,1464.292347560975,39.768403,-86.158068,#002D62
IND,2008,Pacers,1437.0906670731708,39.768403,-86.158068,#002D62
IND,2009,Pacers,1464.1336914634146,39.768403,-86.158068,#002D62
IND,2010,Pacers,1427.3820414634147,39.768403,-86.158068,#002D62
IND,2011,Pacers,1481.1520436781614,39.768403,-86.158068,#002D62
IND,2012,Pacers,1553.1349779220782,39.768403,-86.158068,#002D62
IND,2013,Pacers,1579.5378219999993,39.768403,-86.158068,#002D62
IND,2014,Pacers,1614.1655950495053,39.768403,-86.158068,#002D62
IND,2015,Pacers,1478.1334256097564,39.768403,-86.158068,#002D62
KCK,1980,Kings,1569.431914117647,,,
KCK,1981,Kings,1501.093218556701,,,
KCK,1982,Kings,1418.6889682926826,,,
KCK,1983,Kings,1479.9090707317068,,,
KCK,1984,Kings,1481.9817882352938,,,
KCK,1985,Kings,1423.1980743902445,,,
LAC,1985,Clippers,1412.2165573170735,34.0522342,-118.24368490000002,#C8102E
LAC,1986,Clippers,1379.797181707317,34.0522342,-118.24368490000002,#C8102E
LAC,1987,Clippers,1309.476674390244,34.0522342,-118.24368490000002,#C8102E
LAC,1988,Clippers,1269.8863121951222,34.0522342,-118.24368490000002,#C8102E
LAC,1989,Clippers,1273.777630487805,34.0522342,-118.24368490000002,#C8102E
LAC,1990,Clippers,1380.3567500000006,34.0522342,-118.24368490000002,#C8102E
LAC,1991,Clippers,1384.3496975609753,34.0522342,-118.24368490000002,#C8102E
LAC,1992,Clippers,1479.4787287356326,34.0522342,-118.24368490000002,#C8102E
LAC,1993,Clippers,1522.712971264368,34.0522342,-118.24368490000002,#C8102E
LAC,1994,Clippers,1413.4459841463413,34.0522342,-118.24368490000002,#C8102E
LAC,1995,Clippers,1309.0537012195125,34.0522342,-118.24368490000002,#C8102E
LAC,1996,Clippers,1381.7397951219507,34.0522342,-118.24368490000002,#C8102E
LAC,1997,Clippers,1422.9537835294116,34.0522342,-118.24368490000002,#C8102E
LAC,1998,Clippers,1328.3683341463409,34.0522342,-118.24368490000002,#C8102E
LAC,1999,Clippers,1277.208158,34.0522342,-118.24368490000002,#C8102E
LAC,2000,Clippers,1276.9904292682925,34.0522342,-118.24368490000002,#C8102E
LAC,2001,Clippers,1358.1049804878046,34.0522342,-118.24368490000002,#C8102E
LAC,2002,Clippers,1498.5698609756098,34.0522342,-118.24368490000002,#C8102E
LAC,2003,Clippers,1425.5222134146338,34.0522342,-118.24368490000002,#C8102E
LAC,2004,Clippers,1428.5291170731698,34.0522342,-118.24368490000002,#C8102E
LAC,2005,Clippers,1460.3311097560975,34.0522342,-118.24368490000002,#C8102E
LAC,2006,Clippers,1536.2212670212766,34.0522342,-118.24368490000002,#C8102E
LAC,2007,Clippers,1513.3890780487811,34.0522342,-118.24368490000002,#C8102E
LAC,2008,Clippers,1417.549297560975,34.0522342,-118.24368490000002,#C8102E
LAC,2009,Clippers,1327.4370670731707,34.0522342,-118.24368490000002,#C8102E
LAC,2010,Clippers,1365.9147414634147,34.0522342,-118.24368490000002,#C8102E
LAC,2011,Clippers,1387.0146829268294,34.0522342,-118.24368490000002,#C8102E
LAC,2012,Clippers,1540.5121207792213,34.0522342,-118.24368490000002,#C8102E
LAC,2013,Clippers,1629.7949284090905,34.0522342,-118.24368490000002,#C8102E
LAC,2014,Clippers,1650.5047968421052,34.0522342,-118.24368490000002,#C8102E
LAC,2015,Clippers,1658.218440625,34.0522342,-118.24368490000002,#C8102E
LAL,1980,Lakers,1625.2270387755102,34.0522342,-118.24368490000002,#552583
LAL,1981,Lakers,1637.2684800000004,34.0522342,-118.24368490000002,#552583
LAL,1982,Lakers,1614.328182291667,34.0522342,-118.24368490000002,#552583
LAL,1983,Lakers,1654.0810484536078,34.0522342,-118.24368490000002,#552583
LAL,1984,Lakers,1594.01892815534,34.0522342,-118.24368490000002,#552583
LAL,1985,Lakers,1663.0926930693067,34.0522342,-118.24368490000002,#552583
LAL,1986,Lakers,1693.3937270833328,34.0522342,-118.24368490000002,#552583
LAL,1987,Lakers,1687.776324,34.0522342,-118.24368490000002,#552583
LAL,1988,Lakers,1680.2887849056601,34.0522342,-118.24368490000002,#552583
LAL,1989,Lakers,1644.043306185567,34.0522342,-118.24368490000002,#552583
LAL,1990,Lakers,1668.2948527472531,34.0522342,-118.24368490000002,#552583
LAL,1991,Lakers,1651.4660089108909,34.0522342,-118.24368490000002,#552583
LAL,1992,Lakers,1530.142309302326,34.0522342,-118.24368490000002,#552583
LAL,1993,Lakers,1470.8105126436774,34.0522342,-118.24368490000002,#552583
LAL,1994,Lakers,1415.7692073170733,34.0522342,-118.24368490000002,#552583
LAL,1995,Lakers,1509.7597315217388,34.0522342,-118.24368490000002,#552583
LAL,1996,Lakers,1573.4666802325573,34.0522342,-118.24368490000002,#552583
LAL,1997,Lakers,1606.8262318681327,34.0522342,-118.24368490000002,#552583
LAL,1998,Lakers,1656.8773252631574,34.0522342,-118.24368490000002,#552583
LAL,1999,Lakers,1619.301572413793,34.0522342,-118.24368490000002,#552583
LAL,2000,Lakers,1679.2352695238092,34.0522342,-118.24368490000002,#552583
LAL,2001,Lakers,1635.386710204082,34.0522342,-118.24368490000002,#552583
LAL,2002,Lakers,1693.7172475247528,34.0522342,-118.24368490000002,#552583
LAL,2003,Lakers,1602.5870702127645,34.0522342,-118.24368490000002,#552583
LAL,2004,Lakers,1631.251949038461,34.0522342,-118.24368490000002,#552583
LAL,2005,Lakers,1521.7652634146334,34.0522342,-118.24368490000002,#552583
LAL,2006,Lakers,1520.8055168539329,34.0522342,-118.24368490000002,#552583
LAL,2007,Lakers,1533.0077321839087,34.0522342,-118.24368490000002,#552583
LAL,2008,Lakers,1636.1180514563098,34.0522342,-118.24368490000002,#552583
LAL,2009,Lakers,1720.7080666666668,34.0522342,-118.24368490000002,#552583
LAL,2010,Lakers,1684.1989523809516,34.0522342,-118.24368490000002,#552583
LAL,2011,Lakers,1652.4449576086954,34.0522342,-118.24368490000002,#552583
LAL,2012,Lakers,1593.565124358974,34.0522342,-118.24368490000002,#552583
LAL,2013,Lakers,1535.1592372093028,34.0522342,-118.24368490000002,#552583
LAL,2014,Lakers,1414.0110719512195,34.0522342,-118.24368490000002,#552583
LAL,2015,Lakers,1372.5224914634146,34.0522342,-118.24368490000002,#552583
MEM,2002,Grizzlies,1342.8254585365848,35.1495343,-90.0489801,#5D76A9
MEM,2003,Grizzlies,1386.7209024390243,35.1495343,-90.0489801,#5D76A9
MEM,2004,Grizzlies,1541.5568790697675,35.1495343,-90.0489801,#5D76A9
MEM,2005,Grizzlies,1560.0634848837208,35.1495343,-90.0489801,#5D76A9
MEM,2006,Grizzlies,1560.1195523255808,35.1495343,-90.0489801,#5D76A9
MEM,2007,Grizzlies,1418.1788999999994,35.1495343,-90.0489801,#5D76A9
MEM,2008,Grizzlies,1369.26685,35.1495343,-90.0489801,#5D76A9
MEM,2009,Grizzlies,1332.2448475609756,35.1495343,-90.0489801,#5D76A9
MEM,2010,Grizzlies,1469.0211853658536,35.1495343,-90.0489801,#5D76A9
MEM,2011,Grizzlies,1531.0198747368415,35.1495343,-90.0489801,#5D76A9
MEM,2012,Grizzlies,1584.6027068493154,35.1495343,-90.0489801,#5D76A9
MEM,2013,Grizzlies,1622.5902989690726,35.1495343,-90.0489801,#5D76A9
MEM,2014,Grizzlies,1571.9828483146073,35.1495343,-90.0489801,#5D76A9
MEM,2015,Grizzlies,1620.6785258064515,35.1495343,-90.0489801,#5D76A9
MIA,1989,Heat,1223.792358536585,25.7616798,-80.1917902,#98002E
MIA,1990,Heat,1269.3649109756102,25.7616798,-80.1917902,#98002E
MIA,1991,Heat,1318.8520682926828,25.7616798,-80.1917902,#98002E
MIA,1992,Heat,1417.3020929411762,25.7616798,-80.1917902,#98002E
MIA,1993,Heat,1447.5449682926826,25.7616798,-80.1917902,#98002E
MIA,1994,Heat,1534.7279574712647,25.7616798,-80.1917902,#98002E
MIA,1995,Heat,1460.7109304878052,25.7616798,-80.1917902,#98002E
MIA,1996,Heat,1480.495781176471,25.7616798,-80.1917902,#98002E
MIA,1997,Heat,1625.0408484848485,25.7616798,-80.1917902,#98002E
MIA,1998,Heat,1630.172072413794,25.7616798,-80.1917902,#98002E
MIA,1999,Heat,1604.3745018181821,25.7616798,-80.1917902,#98002E
MIA,2000,Heat,1586.0038141304346,25.7616798,-80.1917902,#98002E
MIA,2001,Heat,1569.9280352941178,25.7616798,-80.1917902,#98002E
MIA,2002,Heat,1452.414270731707,25.7616798,-80.1917902,#98002E
MIA,2003,Heat,1418.229819512195,25.7616798,-80.1917902,#98002E
MIA,2004,Heat,1455.2170452631574,25.7616798,-80.1917902,#98002E
MIA,2005,Heat,1634.4297762886604,25.7616798,-80.1917902,#98002E
MIA,2006,Heat,1615.0433419047622,25.7616798,-80.1917902,#98002E
MIA,2007,Heat,1516.9432383720932,25.7616798,-80.1917902,#98002E
MIA,2008,Heat,1343.7764634146336,25.7616798,-80.1917902,#98002E
MIA,2009,Heat,1452.2687359550564,25.7616798,-80.1917902,#98002E
MIA,2010,Heat,1526.7558126436784,25.7616798,-80.1917902,#98002E
MIA,2011,Heat,1656.6396417475726,25.7616798,-80.1917902,#98002E
MIA,2012,Heat,1676.0518797752813,25.7616798,-80.1917902,#98002E
MIA,2013,Heat,1703.857330476191,25.7616798,-80.1917902,#98002E
MIA,2014,Heat,1664.370055882352,25.7616798,-80.1917902,#98002E
MIA,2015,Heat,1488.709397560975,25.7616798,-80.1917902,#98002E
MIL,1980,Bucks,1560.9564550561802,43.0389025,-87.9064736,#00471B
MIL,1981,Bucks,1652.0975101123593,43.0389025,-87.9064736,#00471B
MIL,1982,Bucks,1638.6591750000007,43.0389025,-87.9064736,#00471B
MIL,1983,Bucks,1607.7712307692318,43.0389025,-87.9064736,#00471B
MIL,1984,Bucks,1581.8321479591834,43.0389025,-87.9064736,#00471B
MIL,1985,Bucks,1642.3740944444455,43.0389025,-87.9064736,#00471B
MIL,1986,Bucks,1662.7913385416662,43.0389025,-87.9064736,#00471B
MIL,1987,Bucks,1606.329581914894,43.0389025,-87.9064736,#00471B
MIL,1988,Bucks,1555.8397482758623,43.0389025,-87.9064736,#00471B
MIL,1989,Bucks,1573.9128692307693,43.0389025,-87.9064736,#00471B
MIL,1990,Bucks,1514.1986906976742,43.0389025,-87.9064736,#00471B
MIL,1991,Bucks,1532.888545882353,43.0389025,-87.9064736,#00471B
MIL,1992,Bucks,1470.4809646341462,43.0389025,-87.9064736,#00471B
MIL,1993,Bucks,1416.5083317073172,43.0389025,-87.9064736,#00471B
MIL,1994,Bucks,1344.4097256097555,43.0389025,-87.9064736,#00471B
MIL,1995,Bucks,1368.6047890243908,43.0389025,-87.9064736,#00471B
MIL,1996,Bucks,1378.2595597560978,43.0389025,-87.9064736,#00471B
MIL,1997,Bucks,1428.6864060975618,43.0389025,-87.9064736,#00471B
MIL,1998,Bucks,1457.0754792682926,43.0389025,-87.9064736,#00471B
MIL,1999,Bucks,1502.5075283018866,43.0389025,-87.9064736,#00471B
MIL,2000,Bucks,1517.1392160919538,43.0389025,-87.9064736,#00471B
MIL,2001,Bucks,1567.564848,43.0389025,-87.9064736,#00471B
MIL,2002,Bucks,1549.53781097561,43.0389025,-87.9064736,#00471B
MIL,2003,Bucks,1482.2062534090908,43.0389025,-87.9064736,#00471B
MIL,2004,Bucks,1513.4091459770118,43.0389025,-87.9064736,#00471B
MIL,2005,Bucks,1440.8331012195124,43.0389025,-87.9064736,#00471B
MIL,2006,Bucks,1445.2587574712647,43.0389025,-87.9064736,#00471B
MIL,2007,Bucks,1432.9176304878051,43.0389025,-87.9064736,#00471B
MIL,2008,Bucks,1367.5353621951215,43.0389025,-87.9064736,#00471B
MIL,2009,Bucks,1423.4101219512193,43.0389025,-87.9064736,#00471B
MIL,2010,Bucks,1498.8626573033703,43.0389025,-87.9064736,#00471B
MIL,2011,Bucks,1487.7518219512194,43.0389025,-87.9064736,#00471B
MIL,2012,Bucks,1494.730459090909,43.0389025,-87.9064736,#00471B
MIL,2013,Bucks,1481.6079488372088,43.0389025,-87.9064736,#00471B
MIL,2014,Bucks,1319.0984390243907,43.0389025,-87.9064736,#00471B
MIL,2015,Bucks,1455.580692045454,43.0389025,-87.9064736,#00471B
MIN,1990,Timberwolves,1319.018825609756,44.977753,-93.2650108,#0C2340
MIN,1991,Timberwolves,1364.9903914634142,44.977753,-93.2650108,#0C2340
MIN,1992,Timberwolves,1324.4210475609755,44.977753,-93.2650108,#0C2340
MIN,1993,Timberwolves,1302.1512548780493,44.977753,-93.2650108,#0C2340
MIN,1994,Timberwolves,1320.971059756098,44.977753,-93.2650108,#0C2340
MIN,1995,Timberwolves,1292.3687024390242,44.977753,-93.2650108,#0C2340
MIN,1996,Timberwolves,1352.3222134146342,44.977753,-93.2650108,#0C2340
MIN,1997,Timberwolves,1431.1256035294118,44.977753,-93.2650108,#0C2340
MIN,1998,Timberwolves,1481.692325287356,44.977753,-93.2650108,#0C2340
MIN,1999,Timberwolves,1507.4150203703705,44.977753,-93.2650108,#0C2340
MIN,2000,Timberwolves,1519.9581244186045,44.977753,-93.2650108,#0C2340
MIN,2001,Timberwolves,1549.9985313953484,44.977753,-93.2650108,#0C2340
MIN,2002,Timberwolves,1591.3239635294126,44.977753,-93.2650108,#0C2340
MIN,2003,Timberwolves,1561.5951272727273,44.977753,-93.2650108,#0C2340
MIN,2004,Timberwolves,1635.1831119999995,44.977753,-93.2650108,#0C2340
MIN,2005,Timberwolves,1556.031219512195,44.977753,-93.2650108,#0C2340
MIN,2006,Timberwolves,1493.870141463415,44.977753,-93.2650108,#0C2340
MIN,2007,Timberwolves,1445.9526609756101,44.977753,-93.2650108,#0C2340
MIN,2008,Timberwolves,1330.205313414634,44.977753,-93.2650108,#0C2340
MIN,2009,Timberwolves,1368.5171158536587,44.977753,-93.2650108,#0C2340
MIN,2010,Timberwolves,1302.6781475609755,44.977753,-93.2650108,#0C2340
MIN,2011,Timberwolves,1314.6176073170734,44.977753,-93.2650108,#0C2340
MIN,2012,Timberwolves,1428.9643969696963,44.977753,-93.2650108,#0C2340
MIN,2013,Timberwolves,1435.857070731707,44.977753,-93.2650108,#0C2340
MIN,2014,Timberwolves,1542.6098414634146,44.977753,-93.2650108,#0C2340
MIN,2015,Timberwolves,1365.595607317073,44.977753,-93.2650108,#0C2340
NJN,1980,Nets,1441.9012585365854,,,
NJN,1981,Nets,1379.1170829268294,,,
NJN,1982,Nets,1462.2378321428573,,,
NJN,1983,Nets,1570.3029047619045,,,
NJN,1984,Nets,1546.239167741935,,,
NJN,1985,Nets,1521.723783529412,,,
NJN,1986,Nets,1500.6704235294126,,,
NJN,1987,Nets,1407.7667804878056,,,
NJN,1988,Nets,1344.049601219512,,,
NJN,1989,Nets,1369.6757634146347,,,
NJN,1990,Nets,1299.9804841463424,,,
NJN,1991,Nets,1325.8467073170734,,,
NJN,1992,Nets,1418.2941441860467,,,
NJN,1993,Nets,1514.3965839080456,,,
NJN,1994,Nets,1523.1433755813944,,,
NJN,1995,Nets,1455.1705036585372,,,
NJN,1996,Nets,1395.8121317073176,,,
NJN,1997,Nets,1358.4249621951215,,,
NJN,1998,Nets,1503.423895294118,,,
NJN,1999,Nets,1434.2134799999994,,,
NJN,2000,Nets,1452.8080329268296,,,
NJN,2001,Nets,1391.4590658536586,,,
NJN,2002,Nets,1532.5674284313736,,,
NJN,2003,Nets,1596.1890058823526,,,
NJN,2004,Nets,1576.9871978494614,,,
NJN,2005,Nets,1455.1752779069768,,,
NJN,2006,Nets,1538.4093935483866,,,
NJN,2007,Nets,1490.2661244680855,,,
NJN,2008,Nets,1433.7874987804873,,,
NJN,2009,Nets,1441.972681707317,,,
NJN,2010,Nets,1304.6722158536593,,,
NJN,2011,Nets,1346.3202134146345,,,
NJN,2012,Nets,1343.0871424242425,,,
NOH,2003,Pelicans,1542.7082,,,
NOH,2004,Pelicans,1514.0461067415729,,,
NOH,2005,Pelicans,1372.6318743902432,,,
NOH,2008,Pelicans,1596.442441489361,,,
NOH,2009,Pelicans,1590.729436781609,,,
NOH,2010,Pelicans,1470.5429780487802,,,
NOH,2011,Pelicans,1528.9786636363633,,,
NOH,2012,Pelicans,1419.2049166666666,,,
NOH,2013,Pelicans,1424.5746365853659,,,
NOK,2006,Pelicans,1443.9674378048785,,,
NOK,2007,Pelicans,1451.9541341463416,,,
NOP,2014,Pelicans,1444.2987256097565,29.9510658,-90.0715323,#0C2340
NOP,2015,Pelicans,1500.7466279069765,29.9510658,-90.0715323,#0C2340
NYK,1980,Knicks,1456.6374853658535,40.7127837,-74.00594129999999,#006BB6
NYK,1981,Knicks,1537.3628714285715,40.7127837,-74.00594129999999,#006BB6
NYK,1982,Knicks,1484.1937317073173,40.7127837,-74.00594129999999,#006BB6
NYK,1983,Knicks,1503.49435,40.7127837,-74.00594129999999,#006BB6
NYK,1984,Knicks,1592.892203191489,40.7127837,-74.00594129999999,#006BB6
NYK,1985,Knicks,1432.2989939024387,40.7127837,-74.00594129999999,#006BB6
NYK,1986,Knicks,1370.2115695121945,40.7127837,-74.00594129999999,#006BB6
NYK,1987,Knicks,1371.833713414635,40.7127837,-74.00594129999999,#006BB6
NYK,1988,Knicks,1436.1974406976738,40.7127837,-74.00594129999999,#006BB6
NYK,1989,Knicks,1576.1300065934063,40.7127837,-74.00594129999999,#006BB6
NYK,1990,Knicks,1538.0522206521741,40.7127837,-74.00594129999999,#006BB6
NYK,1991,Knicks,1473.2887929411766,40.7127837,-74.00594129999999,#006BB6
NYK,1992,Knicks,1556.14150106383,40.7127837,-74.00594129999999,#006BB6
NYK,1993,Knicks,1640.6243804123715,40.7127837,-74.00594129999999,#006BB6
NYK,1994,Knicks,1654.5753121495327,40.7127837,-74.00594129999999,#006BB6
NYK,1995,Knicks,1610.8513731182795,40.7127837,-74.00594129999999,#006BB6
NYK,1996,Knicks,1567.4812999999995,40.7127837,-74.00594129999999,#006BB6
NYK,1997,Knicks,1590.4015500000005,40.7127837,-74.00594129999999,#006BB6
NYK,1998,Knicks,1576.5528989130435,40.7127837,-74.00594129999999,#006BB6
NYK,1999,Knicks,1558.1741328571427,40.7127837,-74.00594129999999,#006BB6
NYK,2000,Knicks,1580.3470602040818,40.7127837,-74.00594129999999,#006BB6
NYK,2001,Knicks,1541.8802356321833,40.7127837,-74.00594129999999,#006BB6
NYK,2002,Knicks,1432.8021548780494,40.7127837,-74.00594129999999,#006BB6
NYK,2003,Knicks,1442.3498670731706,40.7127837,-74.00594129999999,#006BB6
NYK,2004,Knicks,1460.0918837209306,40.7127837,-74.00594129999999,#006BB6
NYK,2005,Knicks,1427.1802097560985,40.7127837,-74.00594129999999,#006BB6
NYK,2006,Knicks,1362.6570073170735,40.7127837,-74.00594129999999,#006BB6
NYK,2007,Knicks,1412.140874390244,40.7127837,-74.00594129999999,#006BB6
NYK,2008,Knicks,1359.4456280487798,40.7127837,-74.00594129999999,#006BB6
NYK,2009,Knicks,1402.1128256097559,40.7127837,-74.00594129999999,#006BB6
NYK,2010,Knicks,1403.0687865853656,40.7127837,-74.00594129999999,#006BB6
NYK,2011,Knicks,1482.1219441860464,40.7127837,-74.00594129999999,#006BB6
NYK,2012,Knicks,1505.6349070422532,40.7127837,-74.00594129999999,#006BB6
NYK,2013,Knicks,1592.2807882978727,40.7127837,-74.00594129999999,#006BB6
NYK,2014,Knicks,1472.9329048780487,40.7127837,-74.00594129999999,#006BB6
NYK,2015,Knicks,1352.5188146341459,40.7127837,-74.00594129999999,#006BB6
OKC,2009,Thunder,1317.0346097560973,35.4675602,-97.5164276,#007AC1
OKC,2010,Thunder,1534.3139465909094,35.4675602,-97.5164276,#007AC1
OKC,2011,Thunder,1602.1865535353534,35.4675602,-97.5164276,#007AC1
OKC,2012,Thunder,1676.024510465116,35.4675602,-97.5164276,#007AC1
OKC,2013,Thunder,1694.7932462365598,35.4675602,-97.5164276,#007AC1
OKC,2014,Thunder,1676.5966722772268,35.4675602,-97.5164276,#007AC1
OKC,2015,Thunder,1580.8519402439024,35.4675602,-97.5164276,#007AC1
ORL,1990,Magic,1296.9116036585365,28.5383355,-81.3792365,#0077C0
ORL,1991,Magic,1334.8330536585365,28.5383355,-81.3792365,#0077C0
ORL,1992,Magic,1351.0683975609754,28.5383355,-81.3792365,#0077C0
ORL,1993,Magic,1469.9039317073182,28.5383355,-81.3792365,#0077C0
ORL,1994,Magic,1561.4383623529409,28.5383355,-81.3792365,#0077C0
ORL,1995,Magic,1637.9254533980582,28.5383355,-81.3792365,#0077C0
ORL,1996,Magic,1620.1441234042554,28.5383355,-81.3792365,#0077C0
ORL,1997,Magic,1536.9846896551724,28.5383355,-81.3792365,#0077C0
ORL,1998,Magic,1479.8246731707316,28.5383355,-81.3792365,#0077C0
ORL,1999,Magic,1561.2457296296302,28.5383355,-81.3792365,#0077C0
ORL,2000,Magic,1510.4758560975613,28.5383355,-81.3792365,#0077C0
ORL,2001,Magic,1512.1596813953488,28.5383355,-81.3792365,#0077C0
ORL,2002,Magic,1524.5113337209305,28.5383355,-81.3792365,#0077C0
ORL,2003,Magic,1497.4846752808985,28.5383355,-81.3792365,#0077C0
ORL,2004,Magic,1373.4191500000004,28.5383355,-81.3792365,#0077C0
ORL,2005,Magic,1420.9937268292686,28.5383355,-81.3792365,#0077C0
ORL,2006,Magic,1412.3433963414636,28.5383355,-81.3792365,#0077C0
ORL,2007,Magic,1495.3229209302326,28.5383355,-81.3792365,#0077C0
ORL,2008,Magic,1573.343654347826,28.5383355,-81.3792365,#0077C0
ORL,2009,Magic,1649.7633886792453,28.5383355,-81.3792365,#0077C0
ORL,2010,Magic,1663.344817708333,28.5383355,-81.3792365,#0077C0
ORL,2011,Magic,1643.2747011363638,28.5383355,-81.3792365,#0077C0
ORL,2012,Magic,1558.4110633802813,28.5383355,-81.3792365,#0077C0
ORL,2013,Magic,1357.1337707317073,28.5383355,-81.3792365,#0077C0
ORL,2014,Magic,1331.7472695121955,28.5383355,-81.3792365,#0077C0
ORL,2015,Magic,1339.4265939024388,28.5383355,-81.3792365,#0077C0
PHI,1980,Sixers,1621.905455,39.9525839,-75.1652215,#006BB6
PHI,1981,Sixers,1693.6547193877554,39.9525839,-75.1652215,#006BB6
PHI,1982,Sixers,1658.705874757281,39.9525839,-75.1652215,#006BB6
PHI,1983,Sixers,1718.299387368421,39.9525839,-75.1652215,#006BB6
PHI,1984,Sixers,1628.7525781609197,39.9525839,-75.1652215,#006BB6
PHI,1985,Sixers,1635.4873389473687,39.9525839,-75.1652215,#006BB6
PHI,1986,Sixers,1597.349374468084,39.9525839,-75.1652215,#006BB6
PHI,1987,Sixers,1544.749329885057,39.9525839,-75.1652215,#006BB6
PHI,1988,Sixers,1490.4831756097558,39.9525839,-75.1652215,#006BB6
PHI,1989,Sixers,1518.0238152941174,39.9525839,-75.1652215,#006BB6
PHI,1990,Sixers,1564.868247826087,39.9525839,-75.1652215,#006BB6
PHI,1991,Sixers,1523.5736199999994,39.9525839,-75.1652215,#006BB6
PHI,1992,Sixers,1469.1419926829267,39.9525839,-75.1652215,#006BB6
PHI,1993,Sixers,1392.1798670731705,39.9525839,-75.1652215,#006BB6
PHI,1994,Sixers,1381.289578048781,39.9525839,-75.1652215,#006BB6
PHI,1995,Sixers,1349.7745853658535,39.9525839,-75.1652215,#006BB6
PHI,1996,Sixers,1282.580640243903,39.9525839,-75.1652215,#006BB6
PHI,1997,Sixers,1326.0569902439024,39.9525839,-75.1652215,#006BB6
PHI,1998,Sixers,1392.473040243903,39.9525839,-75.1652215,#006BB6
PHI,1999,Sixers,1531.2401706896546,39.9525839,-75.1652215,#006BB6
PHI,2000,Sixers,1536.2283913043475,39.9525839,-75.1652215,#006BB6
PHI,2001,Sixers,1609.695389523809,39.9525839,-75.1652215,#006BB6
PHI,2002,Sixers,1542.5523344827589,39.9525839,-75.1652215,#006BB6
PHI,2003,Sixers,1550.858809574468,39.9525839,-75.1652215,#006BB6
PHI,2004,Sixers,1475.35041097561,39.9525839,-75.1652215,#006BB6
PHI,2005,Sixers,1456.459863218391,39.9525839,-75.1652215,#006BB6
PHI,2006,Sixers,1466.7106621951214,39.9525839,-75.1652215,#006BB6
PHI,2007,Sixers,1425.3158158536583,39.9525839,-75.1652215,#006BB6
PHI,2008,Sixers,1483.5967465909089,39.9525839,-75.1652215,#006BB6
PHI,2009,Sixers,1503.0488647727273,39.9525839,-75.1652215,#006BB6
PHI,2010,Sixers,1425.4501817073176,39.9525839,-75.1652215,#006BB6
PHI,2011,Sixers,1494.0088701149414,39.9525839,-75.1652215,#006BB6
PHI,2012,Sixers,1554.7302189873417,39.9525839,-75.1652215,#006BB6
PHI,2013,Sixers,1448.7797695121951,39.9525839,-75.1652215,#006BB6
PHI,2014,Sixers,1312.8530731707326,39.9525839,-75.1652215,#006BB6
PHI,2015,Sixers,1281.6219292682924,39.9525839,-75.1652215,#006BB6
PHO,1980,Suns,1597.426396666667,33.4483771,-112.07403729999999,#1D1160
PHO,1981,Suns,1635.902796629214,33.4483771,-112.07403729999999,#1D1160
PHO,1982,Suns,1558.8732876404501,33.4483771,-112.07403729999999,#1D1160
PHO,1983,Suns,1583.83230117647,33.4483771,-112.07403729999999,#1D1160
PHO,1984,Suns,1523.1909020202024,33.4483771,-112.07403729999999,#1D1160
PHO,1985,Suns,1494.9452082352946,33.4483771,-112.07403729999999,#1D1160
PHO,1986,Suns,1431.9185670731708,33.4483771,-112.07403729999999,#1D1160
PHO,1987,Suns,1428.177326829268,33.4483771,-112.07403729999999,#1D1160
PHO,1988,Suns,1408.715620731707,33.4483771,-112.07403729999999,#1D1160
PHO,1989,Suns,1567.598784042553,33.4483771,-112.07403729999999,#1D1160
PHO,1990,Suns,1628.4836183673467,33.4483771,-112.07403729999999,#1D1160
PHO,1991,Suns,1634.322069767442,33.4483771,-112.07403729999999,#1D1160
PHO,1992,Suns,1600.5973155555555,33.4483771,-112.07403729999999,#1D1160
PHO,1993,Suns,1658.0027424528298,33.4483771,-112.07403729999999,#1D1160
PHO,1994,Suns,1632.8418750000005,33.4483771,-112.07403729999999,#1D1160
PHO,1995,Suns,1620.0182163043478,33.4483771,-112.07403729999999,#1D1160
PHO,1996,Suns,1531.447362790697,33.4483771,-112.07403729999999,#1D1160
PHO,1997,Suns,1478.2323344827591,33.4483771,-112.07403729999999,#1D1160
PHO,1998,Suns,1572.8066186046508,33.4483771,-112.07403729999999,#1D1160
PHO,1999,Suns,1547.2944113207543,33.4483771,-112.07403729999999,#1D1160
PHO,2000,Suns,1593.8858241758246,33.4483771,-112.07403729999999,#1D1160
PHO,2001,Suns,1581.4167441860463,33.4483771,-112.07403729999999,#1D1160
PHO,2002,Suns,1521.1678548780494,33.4483771,-112.07403729999999,#1D1160
PHO,2003,Suns,1523.1982874999994,33.4483771,-112.07403729999999,#1D1160
PHO,2004,Suns,1449.064352439025,33.4483771,-112.07403729999999,#1D1160
PHO,2005,Suns,1637.2827134020624,33.4483771,-112.07403729999999,#1D1160
PHO,2006,Suns,1640.6407617647062,33.4483771,-112.07403729999999,#1D1160
PHO,2007,Suns,1657.346649462365,33.4483771,-112.07403729999999,#1D1160
PHO,2008,Suns,1636.3499551724142,33.4483771,-112.07403729999999,#1D1160
PHO,2009,Suns,1560.116009756098,33.4483771,-112.07403729999999,#1D1160
PHO,2010,Suns,1591.4717510204086,33.4483771,-112.07403729999999,#1D1160
PHO,2011,Suns,1545.396268292683,33.4483771,-112.07403729999999,#1D1160
PHO,2012,Suns,1505.7803181818176,33.4483771,-112.07403729999999,#1D1160
PHO,2013,Suns,1433.0610500000007,33.4483771,-112.07403729999999,#1D1160
PHO,2014,Suns,1513.4192817073165,33.4483771,-112.07403729999999,#1D1160
PHO,2015,Suns,1540.292552439025,33.4483771,-112.07403729999999,#1D1160
POR,1980,Trailblazers,1530.4879094117655,45.523062200000005,-122.67648159999999,#E03A3E
POR,1981,Trailblazers,1495.4662388235295,45.523062200000005,-122.67648159999999,#E03A3E
POR,1982,Trailblazers,1516.5549158536585,45.523062200000005,-122.67648159999999,#E03A3E
POR,1983,Trailblazers,1529.580776404494,45.523062200000005,-122.67648159999999,#E03A3E
POR,1984,Trailblazers,1563.241687356321,45.523062200000005,-122.67648159999999,#E03A3E
POR,1985,Trailblazers,1533.9490516483515,45.523062200000005,-122.67648159999999,#E03A3E
POR,1986,Trailblazers,1528.4923034883732,45.523062200000005,-122.67648159999999,#E03A3E
POR,1987,Trailblazers,1546.2567593023255,45.523062200000005,-122.67648159999999,#E03A3E
POR,1988,Trailblazers,1568.2623279069767,45.523062200000005,-122.67648159999999,#E03A3E
POR,1989,Trailblazers,1524.3009011764707,45.523062200000005,-122.67648159999999,#E03A3E
POR,1990,Trailblazers,1595.7148776699028,45.523062200000005,-122.67648159999999,#E03A3E
POR,1991,Trailblazers,1671.1295122448978,45.523062200000005,-122.67648159999999,#E03A3E
POR,1992,Trailblazers,1655.3215864077677,45.523062200000005,-122.67648159999999,#E03A3E
POR,1993,Trailblazers,1597.889115116279,45.523062200000005,-122.67648159999999,#E03A3E
POR,1994,Trailblazers,1563.4487058139537,45.523062200000005,-122.67648159999999,#E03A3E
POR,1995,Trailblazers,1565.8853494117652,45.523062200000005,-122.67648159999999,#E03A3E
POR,1996,Trailblazers,1513.2677114942535,45.523062200000005,-122.67648159999999,#E03A3E
POR,1997,Trailblazers,1547.8243162790693,45.523062200000005,-122.67648159999999,#E03A3E
POR,1998,Trailblazers,1548.4381895348831,45.523062200000005,-122.67648159999999,#E03A3E
POR,1999,Trailblazers,1586.7985126984129,45.523062200000005,-122.67648159999999,#E03A3E
POR,2000,Trailblazers,1651.6312081632648,45.523062200000005,-122.67648159999999,#E03A3E
POR,2001,Trailblazers,1629.8685423529412,45.523062200000005,-122.67648159999999,#E03A3E
POR,2002,Trailblazers,1564.2717329411767,45.523062200000005,-122.67648159999999,#E03A3E
POR,2003,Trailblazers,1587.0581505617981,45.523062200000005,-122.67648159999999,#E03A3E
POR,2004,Trailblazers,1517.672836585366,45.523062200000005,-122.67648159999999,#E03A3E
POR,2005,Trailblazers,1448.2701390243906,45.523062200000005,-122.67648159999999,#E03A3E
POR,2006,Trailblazers,1351.8621341463413,45.523062200000005,-122.67648159999999,#E03A3E
POR,2007,Trailblazers,1384.5836195121951,45.523062200000005,-122.67648159999999,#E03A3E
POR,2008,Trailblazers,1478.4439756097559,45.523062200000005,-122.67648159999999,#E03A3E
POR,2009,Trailblazers,1569.3183420454543,45.523062200000005,-122.67648159999999,#E03A3E
POR,2010,Trailblazers,1579.2635761363636,45.523062200000005,-122.67648159999999,#E03A3E
POR,2011,Trailblazers,1544.3840397727267,45.523062200000005,-122.67648159999999,#E03A3E
POR,2012,Trailblazers,1521.553659090909,45.523062200000005,-122.67648159999999,#E03A3E
POR,2013,Trailblazers,1459.242604878049,45.523062200000005,-122.67648159999999,#E03A3E
POR,2014,Trailblazers,1579.0642462365593,45.523062200000005,-122.67648159999999,#E03A3E
POR,2015,Trailblazers,1616.8986747126435,45.523062200000005,-122.67648159999999,#E03A3E
SAC,1986,Kings,1442.6797752941175,38.5815719,-121.49439960000001,#5A2D81
SAC,1987,Kings,1415.1382268292691,38.5815719,-121.49439960000001,#5A2D81
SAC,1988,Kings,1378.1000804878054,38.5815719,-121.49439960000001,#5A2D81
SAC,1989,Kings,1358.4344853658538,38.5815719,-121.49439960000001,#5A2D81
SAC,1990,Kings,1359.3005707317075,38.5815719,-121.49439960000001,#5A2D81
SAC,1991,Kings,1323.82452195122,38.5815719,-121.49439960000001,#5A2D81
SAC,1992,Kings,1354.0696585365856,38.5815719,-121.49439960000001,#5A2D81
SAC,1993,Kings,1394.8900841463412,38.5815719,-121.49439960000001,#5A2D81
SAC,1994,Kings,1365.2026500000004,38.5815719,-121.49439960000001,#5A2D81
SAC,1995,Kings,1469.3960670731708,38.5815719,-121.49439960000001,#5A2D81
SAC,1996,Kings,1454.6175476744186,38.5815719,-121.49439960000001,#5A2D81
SAC,1997,Kings,1413.99968902439,38.5815719,-121.49439960000001,#5A2D81
SAC,1998,Kings,1416.677637804878,38.5815719,-121.49439960000001,#5A2D81
SAC,1999,Kings,1422.5335145454544,38.5815719,-121.49439960000001,#5A2D81
SAC,2000,Kings,1536.3408137931042,38.5815719,-121.49439960000001,#5A2D81
SAC,2001,Kings,1622.130036666666,38.5815719,-121.49439960000001,#5A2D81
SAC,2002,Kings,1665.207126530612,38.5815719,-121.49439960000001,#5A2D81
SAC,2003,Kings,1667.3842648936175,38.5815719,-121.49439960000001,#5A2D81
SAC,2004,Kings,1649.249788297872,38.5815719,-121.49439960000001,#5A2D81
SAC,2005,Kings,1586.1372379310346,38.5815719,-121.49439960000001,#5A2D81
SAC,2006,Kings,1519.0844125000006,38.5815719,-121.49439960000001,#5A2D81
SAC,2007,Kings,1491.7851731707322,38.5815719,-121.49439960000001,#5A2D81
SAC,2008,Kings,1452.7099207317074,38.5815719,-121.49439960000001,#5A2D81
SAC,2009,Kings,1350.913253658537,38.5815719,-121.49439960000001,#5A2D81
SAC,2010,Kings,1348.9213902439024,38.5815719,-121.49439960000001,#5A2D81
SAC,2011,Kings,1347.9094390243895,38.5815719,-121.49439960000001,#5A2D81
SAC,2012,Kings,1400.8652712121216,38.5815719,-121.49439960000001,#5A2D81
SAC,2013,Kings,1392.4726280487812,38.5815719,-121.49439960000001,#5A2D81
SAC,2014,Kings,1415.2395585365855,38.5815719,-121.49439960000001,#5A2D81
SAC,2015,Kings,1425.4173695121951,38.5815719,-121.49439960000001,#5A2D81
SAS,1980,Spurs,1511.2139435294125,29.4241219,-98.4936282,#C4CED4
SAS,1981,Spurs,1550.2741629213485,29.4241219,-98.4936282,#C4CED4
SAS,1982,Spurs,1539.1011373626377,29.4241219,-98.4936282,#C4CED4
SAS,1983,Spurs,1561.9826172043,29.4241219,-98.4936282,#C4CED4
SAS,1984,Spurs,1506.6806524390247,29.4241219,-98.4936282,#C4CED4
SAS,1985,Spurs,1491.7978413793105,29.4241219,-98.4936282,#C4CED4
SAS,1986,Spurs,1488.7626023529415,29.4241219,-98.4936282,#C4CED4
SAS,1987,Spurs,1387.0104463414634,29.4241219,-98.4936282,#C4CED4
SAS,1988,Spurs,1407.3027717647062,29.4241219,-98.4936282,#C4CED4
SAS,1989,Spurs,1354.478795121951,29.4241219,-98.4936282,#C4CED4
SAS,1990,Spurs,1511.2220532608694,29.4241219,-98.4936282,#C4CED4
SAS,1991,Spurs,1608.843939534883,29.4241219,-98.4936282,#C4CED4
SAS,1992,Spurs,1576.9940623529417,29.4241219,-98.4936282,#C4CED4
SAS,1993,Spurs,1559.5516315217394,29.4241219,-98.4936282,#C4CED4
SAS,1994,Spurs,1604.2546523255814,29.4241219,-98.4936282,#C4CED4
SAS,1995,Spurs,1641.031290721649,29.4241219,-98.4936282,#C4CED4
SAS,1996,Spurs,1642.494316304347,29.4241219,-98.4936282,#C4CED4
SAS,1997,Spurs,1377.8120939024395,29.4241219,-98.4936282,#C4CED4
SAS,1998,Spurs,1527.231027472527,29.4241219,-98.4936282,#C4CED4
SAS,1999,Spurs,1654.8388238805967,29.4241219,-98.4936282,#C4CED4
SAS,2000,Spurs,1655.9616034883727,29.4241219,-98.4936282,#C4CED4
SAS,2001,Spurs,1664.2907094736838,29.4241219,-98.4936282,#C4CED4
SAS,2002,Spurs,1658.3317641304345,29.4241219,-98.4936282,#C4CED4
SAS,2003,Spurs,1663.9661726415095,29.4241219,-98.4936282,#C4CED4
SAS,2004,Spurs,1688.949664130435,29.4241219,-98.4936282,#C4CED4
SAS,2005,Spurs,1713.9145790476184,29.4241219,-98.4936282,#C4CED4
SAS,2006,Spurs,1683.8956400000006,29.4241219,-98.4936282,#C4CED4
SAS,2007,Spurs,1679.972166666667,29.4241219,-98.4936282,#C4CED4
SAS,2008,Spurs,1657.0436494949502,29.4241219,-98.4936282,#C4CED4
SAS,2009,Spurs,1616.2168126436786,29.4241219,-98.4936282,#C4CED4
SAS,2010,Spurs,1600.5855163043482,29.4241219,-98.4936282,#C4CED4
SAS,2011,Spurs,1662.8584522727274,29.4241219,-98.4936282,#C4CED4
SAS,2012,Spurs,1651.0905349999994,29.4241219,-98.4936282,#C4CED4
SAS,2013,Spurs,1688.1486640776707,29.4241219,-98.4936282,#C4CED4
SAS,2014,Spurs,1696.6351999999995,29.4241219,-98.4936282,#C4CED4
SAS,2015,Spurs,1676.87304269663,29.4241219,-98.4936282,#C4CED4
SDC,1980,Clippers,1468.3203792682925,,,
SDC,1981,Clippers,1437.8874512195114,,,
SDC,1982,Clippers,1375.8980597560972,,,
SDC,1983,Clippers,1352.2386280487806,,,
SDC,1984,Clippers,1400.2149890243907,,,
SEA,1980,Thunder,1632.3038587628866,,,
SEA,1981,Thunder,1488.2522170731704,,,
SEA,1982,Thunder,1557.6203122222214,,,
SEA,1983,Thunder,1558.4558178571426,,,
SEA,1984,Thunder,1507.3205597701153,,,
SEA,1985,Thunder,1443.2775146341462,,,
SEA,1986,Thunder,1424.705779268293,,,
SEA,1987,Thunder,1497.674671875,,,
SEA,1988,Thunder,1523.068357471265,,,
SEA,1989,Thunder,1536.9715144444451,,,
SEA,1990,Thunder,1502.0651463414633,,,
SEA,1991,Thunder,1488.2771505747126,,,
SEA,1992,Thunder,1534.704274725275,,,
SEA,1993,Thunder,1619.8660108910879,,,
SEA,1994,Thunder,1664.903266666667,,,
SEA,1995,Thunder,1671.8890197674418,,,
SEA,1996,Thunder,1674.2875990291259,,,
SEA,1997,Thunder,1658.0295148936166,,,
SEA,1998,Thunder,1650.7886684782604,,,
SEA,1999,Thunder,1530.414272,,,
SEA,2000,Thunder,1512.944171264368,,,
SEA,2001,Thunder,1515.7593243902445,,,
SEA,2002,Thunder,1567.6154494252876,,,
SEA,2003,Thunder,1510.863334146341,,,
SEA,2004,Thunder,1492.8221646341465,,,
SEA,2005,Thunder,1580.0326860215064,,,
SEA,2006,Thunder,1458.043191463414,,,
SEA,2007,Thunder,1456.089042682927,,,
SEA,2008,Thunder,1349.8675719512196,,,
TOR,1996,Raptors,1299.4182280487805,43.6532,79.3832,#CE1141
TOR,1997,Raptors,1370.1560256097564,43.6532,79.3832,#CE1141
TOR,1998,Raptors,1327.9629658536585,43.6532,79.3832,#CE1141
TOR,1999,Raptors,1396.8490300000005,43.6532,79.3832,#CE1141
TOR,2000,Raptors,1496.565662352941,43.6532,79.3832,#CE1141
TOR,2001,Raptors,1529.8448095744682,43.6532,79.3832,#CE1141
TOR,2002,Raptors,1520.0029999999995,43.6532,79.3832,#CE1141
TOR,2003,Raptors,1396.0576670731705,43.6532,79.3832,#CE1141
TOR,2004,Raptors,1404.1303048780485,43.6532,79.3832,#CE1141
TOR,2005,Raptors,1428.540598780488,43.6532,79.3832,#CE1141
TOR,2006,Raptors,1406.3006365853655,43.6532,79.3832,#CE1141
TOR,2007,Raptors,1482.3032534090905,43.6532,79.3832,#CE1141
TOR,2008,Raptors,1537.9575850574706,43.6532,79.3832,#CE1141
TOR,2009,Raptors,1456.4579207317072,43.6532,79.3832,#CE1141
TOR,2010,Raptors,1476.7681134146335,43.6532,79.3832,#CE1141
TOR,2011,Raptors,1377.7312621951223,43.6532,79.3832,#CE1141
TOR,2012,Raptors,1368.2721348484845,43.6532,79.3832,#CE1141
TOR,2013,Raptors,1434.1834878048776,43.6532,79.3832,#CE1141
TOR,2014,Raptors,1550.1749382022465,43.6532,79.3832,#CE1141
TOR,2015,Raptors,1571.7330441860465,43.6532,79.3832,#CE1141
UTA,1980,Jazz,1367.076536585366,40.760779299999996,-111.89104740000002,#002B5C
UTA,1981,Jazz,1378.8455243902442,40.760779299999996,-111.89104740000002,#002B5C
UTA,1982,Jazz,1355.5816890243898,40.760779299999996,-111.89104740000002,#002B5C
UTA,1983,Jazz,1387.2181060975606,40.760779299999996,-111.89104740000002,#002B5C
UTA,1984,Jazz,1492.8472010752691,40.760779299999996,-111.89104740000002,#002B5C
UTA,1985,Jazz,1495.013511956521,40.760779299999996,-111.89104740000002,#002B5C
UTA,1986,Jazz,1496.509397674419,40.760779299999996,-111.89104740000002,#002B5C
UTA,1987,Jazz,1511.1042206896548,40.760779299999996,-111.89104740000002,#002B5C
UTA,1988,Jazz,1538.6155956989246,40.760779299999996,-111.89104740000002,#002B5C
UTA,1989,Jazz,1570.09630117647,40.760779299999996,-111.89104740000002,#002B5C
UTA,1990,Jazz,1573.7470597701147,40.760779299999996,-111.89104740000002,#002B5C
UTA,1991,Jazz,1581.7339857142856,40.760779299999996,-111.89104740000002,#002B5C
UTA,1992,Jazz,1605.2903642857143,40.760779299999996,-111.89104740000002,#002B5C
UTA,1993,Jazz,1557.0953275862064,40.760779299999996,-111.89104740000002,#002B5C
UTA,1994,Jazz,1582.8122040816324,40.760779299999996,-111.89104740000002,#002B5C
UTA,1995,Jazz,1650.0413735632171,40.760779299999996,-111.89104740000002,#002B5C
UTA,1996,Jazz,1641.5933699999998,40.760779299999996,-111.89104740000002,#002B5C
UTA,1997,Jazz,1688.4449049019604,40.760779299999996,-111.89104740000002,#002B5C
UTA,1998,Jazz,1683.913160784313,40.760779299999996,-111.89104740000002,#002B5C
UTA,1999,Jazz,1677.704270491803,40.760779299999996,-111.89104740000002,#002B5C
UTA,2000,Jazz,1605.639840217391,40.760779299999996,-111.89104740000002,#002B5C
UTA,2001,Jazz,1610.0356494252874,40.760779299999996,-111.89104740000002,#002B5C
UTA,2002,Jazz,1554.410295348837,40.760779299999996,-111.89104740000002,#002B5C
UTA,2003,Jazz,1557.657193103448,40.760779299999996,-111.89104740000002,#002B5C
UTA,2004,Jazz,1497.399937804878,40.760779299999996,-111.89104740000002,#002B5C
UTA,2005,Jazz,1435.8578146341465,40.760779299999996,-111.89104740000002,#002B5C
UTA,2006,Jazz,1436.4769719512194,40.760779299999996,-111.89104740000002,#002B5C
UTA,2007,Jazz,1572.610590909091,40.760779299999996,-111.89104740000002,#002B5C
UTA,2008,Jazz,1625.5116627659572,40.760779299999996,-111.89104740000002,#002B5C
UTA,2009,Jazz,1588.8517471264365,40.760779299999996,-111.89104740000002,#002B5C
UTA,2010,Jazz,1599.006501086957,40.760779299999996,-111.89104740000002,#002B5C
UTA,2011,Jazz,1530.2080000000005,40.760779299999996,-111.89104740000002,#002B5C
UTA,2012,Jazz,1498.8583185714292,40.760779299999996,-111.89104740000002,#002B5C
UTA,2013,Jazz,1518.3886012195126,40.760779299999996,-111.89104740000002,#002B5C
UTA,2014,Jazz,1421.7087914634146,40.760779299999996,-111.89104740000002,#002B5C
UTA,2015,Jazz,1448.4386609756098,40.760779299999996,-111.89104740000002,#002B5C
VAN,1996,Grizzlies,1234.121419512195,,,
VAN,1997,Grizzlies,1236.71023902439,,,
VAN,1998,Grizzlies,1281.099132926829,,,
VAN,1999,Grizzlies,1266.5594979999996,,,
VAN,2000,Grizzlies,1319.8891939024386,,,
VAN,2001,Grizzlies,1376.9193999999998,,,
WAS,1998,Wizards,1524.3472756097565,38.9071923,-77.03687070000001,#002B5C
WAS,1999,Wizards,1473.8099900000002,38.9071923,-77.03687070000001,#002B5C
WAS,2000,Wizards,1415.3676707317074,38.9071923,-77.03687070000001,#002B5C
WAS,2001,Wizards,1349.9587475609758,38.9071923,-77.03687070000001,#002B5C
WAS,2002,Wizards,1426.1780268292684,38.9071923,-77.03687070000001,#002B5C
WAS,2003,Wizards,1472.8024195121955,38.9071923,-77.03687070000001,#002B5C
WAS,2004,Wizards,1381.4574695121948,38.9071923,-77.03687070000001,#002B5C
WAS,2005,Wizards,1470.6427945652176,38.9071923,-77.03687070000001,#002B5C
WAS,2006,Wizards,1502.9172170454553,38.9071923,-77.03687070000001,#002B5C
WAS,2007,Wizards,1518.846598837209,38.9071923,-77.03687070000001,#002B5C
WAS,2008,Wizards,1479.0200534090911,38.9071923,-77.03687070000001,#002B5C
WAS,2009,Wizards,1363.8564634146342,38.9071923,-77.03687070000001,#002B5C
WAS,2010,Wizards,1368.7466853658534,38.9071923,-77.03687070000001,#002B5C
WAS,2011,Wizards,1337.4226073170732,38.9071923,-77.03687070000001,#002B5C
WAS,2012,Wizards,1331.5222742424244,38.9071923,-77.03687070000001,#002B5C
WAS,2013,Wizards,1408.253530487805,38.9071923,-77.03687070000001,#002B5C
WAS,2014,Wizards,1506.5823021505373,38.9071923,-77.03687070000001,#002B5C
WAS,2015,Wizards,1538.8614413043476,38.9071923,-77.03687070000001,#002B5C
WSB,1980,Wizards,1462.3558952380954,,,
WSB,1981,Wizards,1488.0128548780483,,,
WSB,1982,Wizards,1528.8602898876404,,,
WSB,1983,Wizards,1512.0590109756104,,,
WSB,1984,Wizards,1487.4012000000007,,,
WSB,1985,Wizards,1493.917677906977,,,
WSB,1986,Wizards,1483.4665517241378,,,
WSB,1987,Wizards,1497.9044870588232,,,
WSB,1988,Wizards,1479.7648551724137,,,
WSB,1989,Wizards,1456.2581121951218,,,
WSB,1990,Wizards,1438.657393902439,,,
WSB,1991,Wizards,1394.7555329268296,,,
WSB,1992,Wizards,1376.8221304878048,,,
WSB,1993,Wizards,1351.157136585366,,,
WSB,1994,Wizards,1344.0231402439015,,,
WSB,1995,Wizards,1332.6928426829272,,,
WSB,1996,Wizards,1453.5084304878048,,,
WSB,1997,Wizards,1507.4369494117639,,,
