year_id,team_id,fran_id,elo_n
1980,ATL,Hawks,1582.3186586206898
1980,BOS,Celtics,1603.6862659340661
1980,CHI,Bulls,1418.8712060975606
1980,CLE,Cavaliers,1452.1828841463416
1980,DEN,Nuggets,1447.595318292683
1980,DET,Pistons,1362.2502365853659
1980,GSW,Warriors,1428.819457317073
1980,HOU,Rockets,1506.0860898876413
1980,IND,Pacers,1477.249406097561
1980,KCK,Kings,1569.431914117647
1980,LAL,Lakers,1625.2270387755102
1980,MIL,Bucks,1560.95645505618
1980,NJN,Nets,1441.9012585365851
1980,NYK,Knicks,1456.6374853658535
1980,PHI,Sixers,1621.905455
1980,PHO,Suns,1597.4263966666667
1980,POR,Trailblazers,1530.4879094117655
1980,SAS,Spurs,1511.2139435294123
1980,SDC,Clippers,1468.3203792682925
1980,SEA,Thunder,1632.3038587628869
1980,UTA,Jazz,1367.076536585366
1980,WSB,Wizards,1462.3558952380952
1981,ATL,Hawks,1472.0622890243899
1981,BOS,Celtics,1674.9213131313131
1981,CHI,Bulls,1505.6026204545458
1981,CLE,Cavaliers,1436.3280951219513
1981,DAL,Mavericks,1240.4097524390245
1981,DEN,Nuggets,1434.2031573170734
1981,DET,Pistons,1296.2981670731706
1981,GSW,Warriors,1472.9594195121954
1981,HOU,Rockets,1491.728290291263
1981,IND,Pacers,1524.0026190476194
1981,KCK,Kings,1501.093218556701
1981,LAL,Lakers,1637.2684800000002
1981,MIL,Bucks,1652.0975101123593
1981,NJN,Nets,1379.1170829268297
1981,NYK,Knicks,1537.3628714285715
1981,PHI,Sixers,1693.6547193877554
1981,PHO,Suns,1635.902796629214
1981,POR,Trailblazers,1495.4662388235297
1981,SAS,Spurs,1550.2741629213485
1981,SDC,Clippers,1437.8874512195116
1981,SEA,Thunder,1488.2522170731704
1981,UTA,Jazz,1378.845524390244
1981,WSB,Wizards,1488.0128548780485
1982,ATL,Hawks,1480.719410714286
1982,BOS,Celtics,1676.5398968085108
1982,CHI,Bulls,1483.3606073170736
1982,CLE,Cavaliers,1317.2951146341463
1982,DAL,Mavericks,1338.243474390244
1982,DEN,Nuggets,1502.8964176470586
1982,DET,Pistons,1466.624065853658
1982,GSW,Warriors,1510.163452439024
1982,HOU,Rockets,1514.777377647059
1982,IND,Pacers,1484.4129804878046
1982,KCK,Kings,1418.6889682926826
1982,LAL,Lakers,1614.3281822916667
1982,MIL,Bucks,1638.6591750000005
1982,NJN,Nets,1462.2378321428575
1982,NYK,Knicks,1484.1937317073173
1982,PHI,Sixers,1658.705874757281
1982,PHO,Suns,1558.87328764045
1982,POR,Trailblazers,1516.5549158536585
1982,SAS,Spurs,1539.1011373626377
1982,SDC,Clippers,1375.898059756097
1982,SEA,Thunder,1557.6203122222216
1982,UTA,Jazz,1355.5816890243898
1982,WSB,Wizards,1528.8602898876402
1983,ATL,Hawks,1506.2670999999998
1983,BOS,Celtics,1654.1035786516845
1983,CHI,Bulls,1416.6005524390248
1983,CLE,Cavaliers,1292.6508012195115
1983,DAL,Mavericks,1462.7265902439021
1983,DEN,Nuggets,1513.7299622222224
1983,DET,Pistons,1492.1175621951224
1983,GSW,Warriors,1443.9453304878048
1983,HOU,Rockets,1322.8947280487803
1983,IND,Pacers,1370.1781731707317
1983,KCK,Kings,1479.909070731707
1983,LAL,Lakers,1654.0810484536078
1983,MIL,Bucks,1607.7712307692318
1983,NJN,Nets,1570.3029047619045
1983,NYK,Knicks,1503.49435
1983,PHI,Sixers,1718.299387368421
1983,PHO,Suns,1583.83230117647
1983,POR,Trailblazers,1529.5807764044941
1983,SAS,Spurs,1561.9826172043001
1983,SDC,Clippers,1352.2386280487804
1983,SEA,Thunder,1558.4558178571428
1983,UTA,Jazz,1387.2181060975608
1983,WSB,Wizards,1512.0590109756104
1984,ATL,Hawks,1483.1517459770114
1984,BOS,Celtics,1647.147539047619
1984,CHI,Bulls,1414.0247036585363
1984,CLE,Cavaliers,1388.952906097561
1984,DAL,Mavericks,1498.3755510869564
1984,DEN,Nuggets,1491.75197816092
1984,DET,Pistons,1543.8528574712648
1984,GSW,Warriors,1431.9211670731704
1984,HOU,Rockets,1379.290775609756
1984,IND,Pacers,1369.959651219512
1984,KCK,Kings,1481.981788235294
1984,LAL,Lakers,1594.01892815534
1984,MIL,Bucks,1581.8321479591832
1984,NJN,Nets,1546.239167741935
1984,NYK,Knicks,1592.892203191489
1984,PHI,Sixers,1628.75257816092
1984,PHO,Suns,1523.1909020202022
1984,POR,Trailblazers,1563.2416873563213
1984,SAS,Spurs,1506.6806524390247
1984,SDC,Clippers,1400.2149890243904
1984,SEA,Thunder,1507.3205597701153
1984,UTA,Jazz,1492.8472010752691
1984,WSB,Wizards,1487.4012000000007
1985,ATL,Hawks,1470.7965524390238
1985,BOS,Celtics,1686.3284504854369
1985,CHI,Bulls,1448.46501627907
1985,CLE,Cavaliers,1415.781413953488
1985,DAL,Mavericks,1523.1990720930226
1985,DEN,Nuggets,1554.5723422680403
1985,DET,Pistons,1573.0211769230773
1985,GSW,Warriors,1358.2443292682926
1985,HOU,Rockets,1500.3409919540227
1985,IND,Pacers,1379.4785731707318
1985,KCK,Kings,1423.1980743902443
1985,LAC,Clippers,1412.2165573170737
1985,LAL,Lakers,1663.0926930693065
1985,MIL,Bucks,1642.3740944444455
1985,NJN,Nets,1521.723783529412
1985,NYK,Knicks,1432.2989939024387
1985,PHI,Sixers,1635.4873389473687
1985,PHO,Suns,1494.9452082352943
1985,POR,Trailblazers,1533.9490516483515
1985,SAS,Spurs,1491.7978413793107
1985,SEA,Thunder,1443.2775146341462
1985,UTA,Jazz,1495.013511956521
1985,WSB,Wizards,1493.917677906977
1986,ATL,Hawks,1529.0034824175825
1986,BOS,Celtics,1723.489248
1986,CHI,Bulls,1413.1156882352934
1986,CLE,Cavaliers,1475.1140170731712
1986,DAL,Mavericks,1524.2487510869566
1986,DEN,Nuggets,1554.8349206521737
1986,DET,Pistons,1532.9493488372098
1986,GSW,Warriors,1389.3861207317073
1986,HOU,Rockets,1561.4901264705886
1986,IND,Pacers,1398.5099353658536
1986,LAC,Clippers,1379.7971817073167
1986,LAL,Lakers,1693.3937270833328
1986,MIL,Bucks,1662.7913385416662
1986,NJN,Nets,1500.6704235294126
1986,NYK,Knicks,1370.2115695121945
1986,PHI,Sixers,1597.3493744680839
1986,PHO,Suns,1431.9185670731708
1986,POR,Trailblazers,1528.492303488373
1986,SAC,Kings,1442.6797752941177
1986,SAS,Spurs,1488.7626023529417
1986,SEA,Thunder,1424.705779268293
1986,UTA,Jazz,1496.509397674419
1986,WSB,Wizards,1483.4665517241378
1987,ATL,Hawks,1632.8475208791215
1987,BOS,Celtics,1701.8472961904768
1987,CHI,Bulls,1485.5218400000003
1987,CLE,Cavaliers,1414.26256097561
1987,DAL,Mavericks,1606.8414732558144
1987,DEN,Nuggets,1476.2833341176467
1987,DET,Pistons,1590.1796907216492
1987,GSW,Warriors,1466.500891304347
1987,HOU,Rockets,1531.810320652174
1987,IND,Pacers,1481.2700802325583
1987,LAC,Clippers,1309.476674390244
1987,LAL,Lakers,1687.776324
1987,MIL,Bucks,1606.329581914894
1987,NJN,Nets,1407.7667804878054
1987,NYK,Knicks,1371.833713414635
1987,PHI,Sixers,1544.749329885057
1987,PHO,Suns,1428.177326829268
1987,POR,Trailblazers,1546.2567593023255
1987,SAC,Kings,1415.138226829269
1987,SAS,Spurs,1387.0104463414632
1987,SEA,Thunder,1497.674671875
1987,UTA,Jazz,1511.1042206896548
1987,WSB,Wizards,1497.9044870588232
1988,ATL,Hawks,1611.2264382978722
1988,BOS,Celtics,1637.97155959596
1988,CHI,Bulls,1564.953238043478
1988,CLE,Cavaliers,1499.908626436782
1988,DAL,Mavericks,1591.9426747474747
1988,DEN,Nuggets,1551.1181903225802
1988,DET,Pistons,1642.6889885714284
1988,GSW,Warriors,1372.5937036585365
1988,HOU,Rockets,1551.622481395349
1988,IND,Pacers,1498.9581939024388
1988,LAC,Clippers,1269.886312195122
1988,LAL,Lakers,1680.2887849056601
1988,MIL,Bucks,1555.8397482758626
1988,NJN,Nets,1344.049601219512
1988,NYK,Knicks,1436.1974406976735
1988,PHI,Sixers,1490.483175609756
1988,PHO,Suns,1408.7156207317073
1988,POR,Trailblazers,1568.2623279069765
1988,SAC,Kings,1378.1000804878054
1988,SAS,Spurs,1407.3027717647062
1988,SEA,Thunder,1523.068357471265
1988,UTA,Jazz,1538.6155956989246
1988,WSB,Wizards,1479.7648551724137
1989,ATL,Hawks,1591.5445241379316
1989,BOS,Celtics,1536.398605882353
1989,CHH,Pelicans,1275.9170121951217
1989,CHI,Bulls,1559.5368808080805
1989,CLE,Cavaliers,1646.9600367816092
1989,DAL,Mavericks,1492.9972158536584
1989,DEN,Nuggets,1529.720142352942
1989,DET,Pistons,1671.6336888888886
1989,GSW,Warriors,1455.6442466666667
1989,HOU,Rockets,1513.7956593023255
1989,IND,Pacers,1418.8300256097561
1989,LAC,Clippers,1273.777630487805
1989,LAL,Lakers,1644.043306185567
1989,MIA,Heat,1223.792358536585
1989,MIL,Bucks,1573.9128692307693
1989,NJN,Nets,1369.6757634146347
1989,NYK,Knicks,1576.1300065934065
1989,PHI,Sixers,1518.0238152941174
1989,PHO,Suns,1567.598784042553
1989,POR,Trailblazers,1524.3009011764707
1989,SAC,Kings,1358.4344853658538
1989,SAS,Spurs,1354.478795121951
1989,SEA,Thunder,1536.9715144444451
1989,UTA,Jazz,1570.09630117647
1989,WSB,Wizards,1456.2581121951218
1990,ATL,Hawks,1512.749615853658
1990,BOS,Celtics,1547.2150172413783
1990,CHH,Pelicans,1269.9957548780492
1990,CHI,Bulls,1591.0582316326522
1990,CLE,Cavaliers,1492.745106896552
1990,DAL,Mavericks,1473.113514117647
1990,DEN,Nuggets,1494.795629411765
1990,DET,Pistons,1682.6279088235297
1990,GSW,Warriors,1446.5294231707321
1990,HOU,Rockets,1498.9068
1990,IND,Pacers,1485.0630929411766
1990,LAC,Clippers,1380.3567500000004
1990,LAL,Lakers,1668.2948527472531
1990,MIA,Heat,1269.3649109756102
1990,MIL,Bucks,1514.1986906976742
1990,MIN,Timberwolves,1319.018825609756
1990,NJN,Nets,1299.9804841463422
1990,NYK,Knicks,1538.0522206521741
1990,ORL,Magic,1296.9116036585363
1990,PHI,Sixers,1564.868247826087
1990,PHO,Suns,1628.4836183673467
1990,POR,Trailblazers,1595.7148776699028
1990,SAC,Kings,1359.3005707317075
1990,SAS,Spurs,1511.2220532608696
1990,SEA,Thunder,1502.0651463414633
1990,UTA,Jazz,1573.7470597701147
1990,WSB,Wizards,1438.657393902439
1991,ATL,Hawks,1523.4941367816086
1991,BOS,Celtics,1610.772931182796
1991,CHH,Pelicans,1345.2692
1991,CHI,Bulls,1678.6359373737378
1991,CLE,Cavaliers,1438.9949804878047
1991,DAL,Mavericks,1420.6428243902442
1991,DEN,Nuggets,1331.3658195121955
1991,DET,Pistons,1606.093616494845
1991,GSW,Warriors,1498.1220362637355
1991,HOU,Rockets,1560.5231211764703
1991,IND,Pacers,1473.1410816091955
1991,LAC,Clippers,1384.3496975609753
1991,LAL,Lakers,1651.4660089108909
1991,MIA,Heat,1318.8520682926828
1991,MIL,Bucks,1532.888545882353
1991,MIN,Timberwolves,1364.9903914634142
1991,NJN,Nets,1325.8467073170734
1991,NYK,Knicks,1473.2887929411766
1991,ORL,Magic,1334.8330536585365
1991,PHI,Sixers,1523.5736199999997
1991,PHO,Suns,1634.3220697674421
1991,POR,Trailblazers,1671.1295122448978
1991,SAC,Kings,1323.82452195122
1991,SAS,Spurs,1608.8439395348832
1991,SEA,Thunder,1488.2771505747126
1991,UTA,Jazz,1581.7339857142854
1991,WSB,Wizards,1394.7555329268296
1992,ATL,Hawks,1485.4618182926833
1992,BOS,Celtics,1558.6011499999997
1992,CHH,Pelicans,1394.257112195122
1992,CHI,Bulls,1753.427952884614
1992,CLE,Cavaliers,1584.1197313131313
1992,DAL,Mavericks,1326.521453658537
1992,DEN,Nuggets,1332.7676365853658
1992,DET,Pistons,1542.509242528736
1992,GSW,Warriors,1581.071176744186
1992,HOU,Rockets,1487.9015841463417
1992,IND,Pacers,1508.7072811764708
1992,LAC,Clippers,1479.4787287356323
1992,LAL,Lakers,1530.142309302326
1992,MIA,Heat,1417.3020929411762
1992,MIL,Bucks,1470.480964634146
1992,MIN,Timberwolves,1324.4210475609755
1992,NJN,Nets,1418.2941441860467
1992,NYK,Knicks,1556.14150106383
1992,ORL,Magic,1351.0683975609754
1992,PHI,Sixers,1469.1419926829267
1992,PHO,Suns,1600.5973155555557
1992,POR,Trailblazers,1655.3215864077674
1992,SAC,Kings,1354.0696585365856
1992,SAS,Spurs,1576.9940623529417
1992,SEA,Thunder,1534.704274725275
1992,UTA,Jazz,1605.2903642857145
1992,WSB,Wizards,1376.822130487805
1993,ATL,Hawks,1472.775109411765
1993,BOS,Celtics,1542.1312744186048
1993,CHH,Pelicans,1470.9924120879125
1993,CHI,Bulls,1681.6755277227724
1993,CLE,Cavaliers,1632.6233999999997
1993,DAL,Mavericks,1187.304340243902
1993,DEN,Nuggets,1386.9826243902437
1993,DET,Pistons,1487.7204926829265
1993,GSW,Warriors,1500.4033865853658
1993,HOU,Rockets,1558.3654648936167
1993,IND,Pacers,1519.1310883720928
1993,LAC,Clippers,1522.712971264368
1993,LAL,Lakers,1470.8105126436776
1993,MIA,Heat,1447.5449682926824
1993,MIL,Bucks,1416.5083317073172
1993,MIN,Timberwolves,1302.1512548780493
1993,NJN,Nets,1514.3965839080458
1993,NYK,Knicks,1640.6243804123715
1993,ORL,Magic,1469.903931707318
1993,PHI,Sixers,1392.1798670731705
1993,PHO,Suns,1658.0027424528298
1993,POR,Trailblazers,1597.889115116279
1993,SAC,Kings,1394.8900841463412
1993,SAS,Spurs,1559.5516315217394
1993,SEA,Thunder,1619.8660108910879
1993,UTA,Jazz,1557.0953275862066
1993,WSB,Wizards,1351.157136585366
1994,ATL,Hawks,1601.3654215053764
1994,BOS,Celtics,1444.5151780487809
1994,CHH,Pelicans,1491.7827548780485
1994,CHI,Bulls,1616.1521847826086
1994,CLE,Cavaliers,1580.3060717647063
1994,DAL,Mavericks,1221.5809731707318
1994,DEN,Nuggets,1515.5640191489363
1994,DET,Pistons,1380.0208780487806
1994,GSW,Warriors,1507.4661917647059
1994,HOU,Rockets,1629.5451695238087
1994,IND,Pacers,1561.0082040816326
1994,LAC,Clippers,1413.4459841463413
1994,LAL,Lakers,1415.7692073170736
1994,MIA,Heat,1534.7279574712645
1994,MIL,Bucks,1344.4097256097557
1994,MIN,Timberwolves,1320.971059756098
1994,NJN,Nets,1523.1433755813946
1994,NYK,Knicks,1654.5753121495327
1994,ORL,Magic,1561.438362352941
1994,PHI,Sixers,1381.289578048781
1994,PHO,Suns,1632.8418750000005
1994,POR,Trailblazers,1563.4487058139534
1994,SAC,Kings,1365.2026500000004
1994,SAS,Spurs,1604.2546523255814
1994,SEA,Thunder,1664.9032666666667
1994,UTA,Jazz,1582.8122040816322
1994,WSB,Wizards,1344.0231402439017
1995,ATL,Hawks,1524.822756470588
1995,BOS,Celtics,1432.7487906976746
1995,CHH,Pelicans,1551.3421116279067
1995,CHI,Bulls,1576.9967239130444
1995,CLE,Cavaliers,1539.7584755813953
1995,DAL,Mavericks,1400.6224731707318
1995,DEN,Nuggets,1531.5675505882348
1995,DET,Pistons,1336.5612
1995,GSW,Warriors,1435.9790329268296
1995,HOU,Rockets,1599.6583903846154
1995,IND,Pacers,1610.7860717171718
1995,LAC,Clippers,1309.0537012195123
1995,LAL,Lakers,1509.7597315217388
1995,MIA,Heat,1460.7109304878052
1995,MIL,Bucks,1368.6047890243908
1995,MIN,Timberwolves,1292.3687024390242
1995,NJN,Nets,1455.1705036585372
1995,NYK,Knicks,1610.8513731182795
1995,ORL,Magic,1637.9254533980582
1995,PHI,Sixers,1349.7745853658535
1995,PHO,Suns,1620.0182163043478
1995,POR,Trailblazers,1565.885349411765
1995,SAC,Kings,1469.3960670731708
1995,SAS,Spurs,1641.031290721649
1995,SEA,Thunder,1671.8890197674418
1995,UTA,Jazz,1650.0413735632171
1995,WSB,Wizards,1332.6928426829272
1996,ATL,Hawks,1527.9480739130433
1996,BOS,Celtics,1416.7910914634147
1996,CHH,Pelicans,1497.589174390244
1996,CHI,Bulls,1744.2614679999997
1996,CLE,Cavaliers,1516.0722505882354
1996,DAL,Mavericks,1392.8275914634146
1996,DEN,Nuggets,1469.251375609756
1996,DET,Pistons,1475.858317647059
1996,GSW,Warriors,1435.0210073170724
1996,HOU,Rockets,1596.4992566666663
1996,IND,Pacers,1590.3298080459774
1996,LAC,Clippers,1381.7397951219507
1996,LAL,Lakers,1573.4666802325576
1996,MIA,Heat,1480.495781176471
1996,MIL,Bucks,1378.2595597560978
1996,MIN,Timberwolves,1352.3222134146342
1996,NJN,Nets,1395.8121317073176
1996,NYK,Knicks,1567.4812999999997
1996,ORL,Magic,1620.1441234042554
1996,PHI,Sixers,1282.580640243903
1996,PHO,Suns,1531.447362790697
1996,POR,Trailblazers,1513.2677114942537
1996,SAC,Kings,1454.6175476744188
1996,SAS,Spurs,1642.494316304347
1996,SEA,Thunder,1674.287599029126
1996,TOR,Raptors,1299.4182280487805
1996,UTA,Jazz,1641.59337
1996,VAN,Grizzlies,1234.121419512195
1996,WSB,Wizards,1453.5084304878048
1997,ATL,Hawks,1610.3832032608698
1997,BOS,Celtics,1339.36103902439
1997,CHH,Pelicans,1545.7577447058825
1997,CHI,Bulls,1788.63954059406
1997,CLE,Cavaliers,1539.8437768292683
1997,DAL,Mavericks,1345.3295670731711
1997,DEN,Nuggets,1361.8408865853658
1997,DET,Pistons,1604.308495402299
1997,GSW,Warriors,1408.4688280487806
1997,HOU,Rockets,1590.419755102041
1997,IND,Pacers,1538.1001829268291
1997,LAC,Clippers,1422.9537835294116
1997,LAL,Lakers,1606.8262318681323
1997,MIA,Heat,1625.0408484848488
1997,MIL,Bucks,1428.6864060975615
1997,MIN,Timberwolves,1431.125603529412
1997,NJN,Nets,1358.4249621951215
1997,NYK,Knicks,1590.4015500000007
1997,ORL,Magic,1536.9846896551724
1997,PHI,Sixers,1326.0569902439024
1997,PHO,Suns,1478.232334482759
1997,POR,Trailblazers,1547.8243162790693
1997,SAC,Kings,1413.9996890243901
1997,SAS,Spurs,1377.8120939024395
1997,SEA,Thunder,1658.0295148936166
1997,TOR,Raptors,1370.1560256097562
1997,UTA,Jazz,1688.4449049019604
1997,VAN,Grizzlies,1236.7102390243901
1997,WSB,Wizards,1507.4369494117639
1998,ATL,Hawks,1589.7803069767444
1998,BOS,Celtics,1399.552436585366
1998,CHH,Pelicans,1567.9601461538452
1998,CHI,Bulls,1713.190980582524
1998,CLE,Cavaliers,1555.8893186046507
1998,DAL,Mavericks,1314.5713024390247
1998,DEN,Nuggets,1225.104035365853
1998,DET,Pistons,1525.5753475609758
1998,GSW,Warriors,1299.0450036585369
1998,HOU,Rockets,1534.0587862068967
1998,IND,Pacers,1627.5006397959185
1998,LAC,Clippers,1328.368334146341
1998,LAL,Lakers,1656.8773252631577
1998,MIA,Heat,1630.172072413794
1998,MIL,Bucks,1457.0754792682924
1998,MIN,Timberwolves,1481.692325287356
1998,NJN,Nets,1503.423895294118
1998,NYK,Knicks,1576.5528989130437
1998,ORL,Magic,1479.8246731707316
1998,PHI,Sixers,1392.473040243903
1998,PHO,Suns,1572.806618604651
1998,POR,Trailblazers,1548.4381895348833
1998,SAC,Kings,1416.677637804878
1998,SAS,Spurs,1527.2310274725273
1998,SEA,Thunder,1650.7886684782604
1998,TOR,Raptors,1327.9629658536585
1998,UTA,Jazz,1683.913160784313
1998,VAN,Grizzlies,1281.099132926829
1998,WAS,Wizards,1524.3472756097565
1999,ATL,Hawks,1584.0312898305078
1999,BOS,Celtics,1434.9575699999998
1999,CHH,Pelicans,1511.1367980000002
1999,CHI,Bulls,1496.7912920000006
1999,CLE,Cavaliers,1523.9462219999998
1999,DAL,Mavericks,1373.153966
1999,DEN,Nuggets,1295.3012079999999
1999,DET,Pistons,1566.9640981818181
1999,GSW,Warriors,1389.8050340000002
1999,HOU,Rockets,1518.030596296296
1999,IND,Pacers,1628.2709888888883
1999,LAC,Clippers,1277.208158
1999,LAL,Lakers,1619.301572413793
1999,MIA,Heat,1604.374501818182
1999,MIL,Bucks,1502.5075283018866
1999,MIN,Timberwolves,1507.4150203703703
1999,NJN,Nets,1434.2134799999997
1999,NYK,Knicks,1558.1741328571427
1999,ORL,Magic,1561.24572962963
1999,PHI,Sixers,1531.2401706896546
1999,PHO,Suns,1547.2944113207543
1999,POR,Trailblazers,1586.7985126984127
1999,SAC,Kings,1422.5335145454544
1999,SAS,Spurs,1654.8388238805967
1999,SEA,Thunder,1530.414272
1999,TOR,Raptors,1396.8490300000003
1999,UTA,Jazz,1677.704270491803
1999,VAN,Grizzlies,1266.5594979999998
1999,WAS,Wizards,1473.8099900000002
2000,ATL,Hawks,1447.593323170733
2000,BOS,Celtics,1459.953702439025
2000,CHH,Pelicans,1561.0014499999997
2000,CHI,Bulls,1307.1333475609756
2000,CLE,Cavaliers,1433.2596829268296
2000,DAL,Mavericks,1456.9267926829268
2000,DEN,Nuggets,1406.1286987804885
2000,DET,Pistons,1543.6416023529412
2000,GSW,Warriors,1354.1596036585372
2000,HOU,Rockets,1460.8222756097562
2000,IND,Pacers,1626.8970552380954
2000,LAC,Clippers,1276.9904292682925
2000,LAL,Lakers,1679.2352695238092
2000,MIA,Heat,1586.0038141304346
2000,MIL,Bucks,1517.1392160919538
2000,MIN,Timberwolves,1519.9581244186045
2000,NJN,Nets,1452.8080329268294
2000,NYK,Knicks,1580.3470602040818
2000,ORL,Magic,1510.4758560975613
2000,PHI,Sixers,1536.2283913043477
2000,PHO,Suns,1593.8858241758244
2000,POR,Trailblazers,1651.6312081632648
2000,SAC,Kings,1536.3408137931042
2000,SAS,Spurs,1655.9616034883727
2000,SEA,Thunder,1512.944171264368
2000,TOR,Raptors,1496.565662352941
2000,UTA,Jazz,1605.639840217391
2000,VAN,Grizzlies,1319.8891939024386
2000,WAS,Wizards,1415.3676707317074
2001,ATL,Hawks,1355.307580487805
2001,BOS,Celtics,1448.9778719512199
2001,CHH,Pelicans,1567.985664130435
2001,CHI,Bulls,1262.6468743902437
2001,CLE,Cavaliers,1415.9252182926834
2001,DAL,Mavericks,1583.7888010869567
2001,DEN,Nuggets,1468.6875390243902
2001,DET,Pistons,1447.7255902439028
2001,GSW,Warriors,1326.9366951219508
2001,HOU,Rockets,1541.5601500000005
2001,IND,Pacers,1519.2949
2001,LAC,Clippers,1358.1049804878046
2001,LAL,Lakers,1635.386710204082
2001,MIA,Heat,1569.9280352941178
2001,MIL,Bucks,1567.564848
2001,MIN,Timberwolves,1549.9985313953484
2001,NJN,Nets,1391.4590658536586
2001,NYK,Knicks,1541.8802356321833
2001,ORL,Magic,1512.1596813953488
2001,PHI,Sixers,1609.695389523809
2001,PHO,Suns,1581.4167441860466
2001,POR,Trailblazers,1629.8685423529412
2001,SAC,Kings,1622.130036666666
2001,SAS,Spurs,1664.2907094736838
2001,SEA,Thunder,1515.7593243902443
2001,TOR,Raptors,1529.844809574468
2001,UTA,Jazz,1610.0356494252876
2001,VAN,Grizzlies,1376.9193999999998
2001,WAS,Wizards,1349.9587475609758
2002,ATL,Hawks,1388.135509756098
2002,BOS,Celtics,1530.3350897959183
2002,CHH,Pelicans,1529.51350989011
2002,CHI,Bulls,1292.6427780487802
2002,CLE,Cavaliers,1388.2052146341466
2002,DAL,Mavericks,1618.0213577777772
2002,DEN,Nuggets,1412.6297987804878
2002,DET,Pistons,1520.5364086956513
2002,GSW,Warriors,1331.5438036585365
2002,HOU,Rockets,1456.7715243902437
2002,IND,Pacers,1496.1568321839081
2002,LAC,Clippers,1498.5698609756098
2002,LAL,Lakers,1693.7172475247528
2002,MEM,Grizzlies,1342.8254585365848
2002,MIA,Heat,1452.414270731707
2002,MIL,Bucks,1549.53781097561
2002,MIN,Timberwolves,1591.3239635294126
2002,NJN,Nets,1532.5674284313736
2002,NYK,Knicks,1432.8021548780491
2002,ORL,Magic,1524.5113337209305
2002,PHI,Sixers,1542.5523344827589
2002,PHO,Suns,1521.1678548780492
2002,POR,Trailblazers,1564.2717329411767
2002,SAC,Kings,1665.207126530612
2002,SAS,Spurs,1658.3317641304345
2002,SEA,Thunder,1567.6154494252874
2002,TOR,Raptors,1520.0029999999992
2002,UTA,Jazz,1554.410295348837
2002,WAS,Wizards,1426.1780268292684
2003,ATL,Hawks,1423.2803256097552
2003,BOS,Celtics,1521.8609673913038
2003,CHI,Bulls,1364.2428914634143
2003,CLE,Cavaliers,1316.7494585365853
2003,DAL,Mavericks,1690.3159294117638
2003,DEN,Nuggets,1336.3920756097557
2003,DET,Pistons,1586.1087484848488
2003,GSW,Warriors,1439.0334817073172
2003,HOU,Rockets,1501.5162926829269
2003,IND,Pacers,1552.4837329545458
2003,LAC,Clippers,1425.5222134146338
2003,LAL,Lakers,1602.5870702127645
2003,MEM,Grizzlies,1386.7209024390245
2003,MIA,Heat,1418.229819512195
2003,MIL,Bucks,1482.206253409091
2003,MIN,Timberwolves,1561.5951272727273
2003,NJN,Nets,1596.1890058823528
2003,NOH,Pelicans,1542.7082
2003,NYK,Knicks,1442.3498670731703
2003,ORL,Magic,1497.4846752808985
2003,PHI,Sixers,1550.858809574468
2003,PHO,Suns,1523.1982874999997
2003,POR,Trailblazers,1587.058150561798
2003,SAC,Kings,1667.3842648936177
2003,SAS,Spurs,1663.9661726415093
2003,SEA,Thunder,1510.863334146341
2003,TOR,Raptors,1396.0576670731705
2003,UTA,Jazz,1557.657193103448
2003,WAS,Wizards,1472.8024195121955
2004,ATL,Hawks,1400.8164207317077
2004,BOS,Celtics,1457.156029069768
2004,CHI,Bulls,1354.4729195121954
2004,CLE,Cavaliers,1384.7094926829268
2004,DAL,Mavericks,1617.0567068965522
2004,DEN,Nuggets,1482.3158091954022
2004,DET,Pistons,1614.0634095238097
2004,GSW,Warriors,1474.6076256097563
2004,HOU,Rockets,1565.1604551724129
2004,IND,Pacers,1613.8312153061224
2004,LAC,Clippers,1428.52911707317
2004,LAL,Lakers,1631.251949038461
2004,MEM,Grizzlies,1541.5568790697675
2004,MIA,Heat,1455.2170452631574
2004,MIL,Bucks,1513.4091459770118
2004,MIN,Timberwolves,1635.1831119999997
2004,NJN,Nets,1576.9871978494616
2004,NOH,Pelicans,1514.046106741573
2004,NYK,Knicks,1460.0918837209304
2004,ORL,Magic,1373.4191500000002
2004,PHI,Sixers,1475.35041097561
2004,PHO,Suns,1449.064352439025
2004,POR,Trailblazers,1517.672836585366
2004,SAC,Kings,1649.249788297872
2004,SAS,Spurs,1688.949664130435
2004,SEA,Thunder,1492.8221646341465
2004,TOR,Raptors,1404.1303048780485
2004,UTA,Jazz,1497.399937804878
2004,WAS,Wizards,1381.4574695121948
2005,ATL,Hawks,1302.4700621951217
2005,BOS,Celtics,1498.233393258427
2005,CHA,Hornets,1278.0913463414636
2005,CHI,Bulls,1463.0417295454538
2005,CLE,Cavaliers,1492.122414634147
2005,DAL,Mavericks,1630.7071031578948
2005,DEN,Nuggets,1525.74478045977
2005,DET,Pistons,1613.0917887850471
2005,GSW,Warriors,1428.4577853658539
2005,HOU,Rockets,1569.5838516853933
2005,IND,Pacers,1544.6736168421057
2005,LAC,Clippers,1460.3311097560977
2005,LAL,Lakers,1521.7652634146334
2005,MEM,Grizzlies,1560.0634848837208
2005,MIA,Heat,1634.4297762886602
2005,MIL,Bucks,1440.8331012195122
2005,MIN,Timberwolves,1556.0312195121953
2005,NJN,Nets,1455.175277906977
2005,NOH,Pelicans,1372.6318743902432
2005,NYK,Knicks,1427.1802097560985
2005,ORL,Magic,1420.9937268292683
2005,PHI,Sixers,1456.459863218391
2005,PHO,Suns,1637.2827134020624
2005,POR,Trailblazers,1448.2701390243903
2005,SAC,Kings,1586.1372379310344
2005,SAS,Spurs,1713.9145790476186
2005,SEA,Thunder,1580.0326860215066
2005,TOR,Raptors,1428.540598780488
2005,UTA,Jazz,1435.8578146341465
2005,WAS,Wizards,1470.6427945652176
2006,ATL,Hawks,1309.496004878048
2006,BOS,Celtics,1471.0040682926829
2006,CHA,Hornets,1354.5640926829267
2006,CHI,Bulls,1501.3196011363639
2006,CLE,Cavaliers,1535.6092536842107
2006,DAL,Mavericks,1677.1008685714285
2006,DEN,Nuggets,1532.5354425287358
2006,DET,Pistons,1690.9869250000002
2006,GSW,Warriors,1478.9400036585369
2006,HOU,Rockets,1511.1037158536578
2006,IND,Pacers,1526.9609954545463
2006,LAC,Clippers,1536.2212670212766
2006,LAL,Lakers,1520.8055168539329
2006,MEM,Grizzlies,1560.1195523255808
2006,MIA,Heat,1615.0433419047622
2006,MIL,Bucks,1445.2587574712643
2006,MIN,Timberwolves,1493.870141463415
2006,NJN,Nets,1538.4093935483866
2006,NOK,Pelicans,1443.9674378048783
2006,NYK,Knicks,1362.6570073170735
2006,ORL,Magic,1412.3433963414634
2006,PHI,Sixers,1466.7106621951216
2006,PHO,Suns,1640.6407617647062
2006,POR,Trailblazers,1351.8621341463413
2006,SAC,Kings,1519.0844125000003
2006,SAS,Spurs,1683.8956400000006
2006,SEA,Thunder,1458.043191463414
2006,TOR,Raptors,1406.3006365853657
2006,UTA,Jazz,1436.4769719512196
2006,WAS,Wizards,1502.9172170454551
2007,ATL,Hawks,1388.6821743902442
2007,BOS,Celtics,1389.886008536585
2007,CHA,Hornets,1403.588343902439
2007,CHI,Bulls,1574.8223478260868
2007,CLE,Cavaliers,1569.0393450980384
2007,DAL,Mavericks,1695.0883250000004
2007,DEN,Nuggets,1516.0882827586204
2007,DET,Pistons,1614.7696959183677
2007,GSW,Warriors,1491.5481440860221
2007,HOU,Rockets,1579.4948674157301
2007,IND,Pacers,1464.292347560975
2007,LAC,Clippers,1513.389078048781
2007,LAL,Lakers,1533.0077321839087
2007,MEM,Grizzlies,1418.1788999999994
2007,MIA,Heat,1516.9432383720932
2007,MIL,Bucks,1432.9176304878051
2007,MIN,Timberwolves,1445.95266097561
2007,NJN,Nets,1490.2661244680855
2007,NOK,Pelicans,1451.9541341463414
2007,NYK,Knicks,1412.140874390244
2007,ORL,Magic,1495.3229209302324
2007,PHI,Sixers,1425.315815853658
2007,PHO,Suns,1657.3466494623647
2007,POR,Trailblazers,1384.583619512195
2007,SAC,Kings,1491.7851731707322
2007,SAS,Spurs,1679.9721666666667
2007,SEA,Thunder,1456.089042682927
2007,TOR,Raptors,1482.3032534090905
2007,UTA,Jazz,1572.610590909091
2007,WAS,Wizards,1518.8465988372093
2008,ATL,Hawks,1437.814691011236
2008,BOS,Celtics,1646.7464972222224
2008,CHA,Hornets,1418.0348524390242
2008,CHI,Bulls,1480.9398317073167
2008,CLE,Cavaliers,1531.4661905263158
2008,DAL,Mavericks,1617.9633425287354
2008,DEN,Nuggets,1575.7037906976745
2008,DET,Pistons,1651.2522727272733
2008,GSW,Warriors,1585.9288451219509
2008,HOU,Rockets,1605.1689056818184
2008,IND,Pacers,1437.0906670731708
2008,LAC,Clippers,1417.549297560975
2008,LAL,Lakers,1636.11805145631
2008,MEM,Grizzlies,1369.26685
2008,MIA,Heat,1343.7764634146336
2008,MIL,Bucks,1367.5353621951217
2008,MIN,Timberwolves,1330.205313414634
2008,NJN,Nets,1433.7874987804873
2008,NOH,Pelicans,1596.442441489361
2008,NYK,Knicks,1359.4456280487798
2008,ORL,Magic,1573.343654347826
2008,PHI,Sixers,1483.5967465909087
2008,PHO,Suns,1636.3499551724142
2008,POR,Trailblazers,1478.4439756097559
2008,SAC,Kings,1452.7099207317074
2008,SAS,Spurs,1657.0436494949502
2008,SEA,Thunder,1349.8675719512196
2008,TOR,Raptors,1537.9575850574709
2008,UTA,Jazz,1625.5116627659572
2008,WAS,Wizards,1479.0200534090911
2009,ATL,Hawks,1523.0548483870966
2009,BOS,Celtics,1702.122708333335
2009,CHA,Hornets,1448.5948378048784
2009,CHI,Bulls,1474.2615471910112
2009,CLE,Cavaliers,1686.195489583334
2009,DAL,Mavericks,1571.6329510869564
2009,DEN,Nuggets,1605.6738224489802
2009,DET,Pistons,1532.7718034883721
2009,GSW,Warriors,1453.114604878049
2009,HOU,Rockets,1616.9809547368418
2009,IND,Pacers,1464.1336914634146
2009,LAC,Clippers,1327.4370670731707
2009,LAL,Lakers,1720.708066666667
2009,MEM,Grizzlies,1332.2448475609754
2009,MIA,Heat,1452.2687359550564
2009,MIL,Bucks,1423.4101219512193
2009,MIN,Timberwolves,1368.5171158536587
2009,NJN,Nets,1441.9726817073167
2009,NOH,Pelicans,1590.729436781609
2009,NYK,Knicks,1402.112825609756
2009,OKC,Thunder,1317.0346097560973
2009,ORL,Magic,1649.7633886792453
2009,PHI,Sixers,1503.0488647727273
2009,PHO,Suns,1560.116009756098
2009,POR,Trailblazers,1569.3183420454545
2009,SAC,Kings,1350.913253658537
2009,SAS,Spurs,1616.2168126436784
2009,TOR,Raptors,1456.4579207317072
2009,UTA,Jazz,1588.8517471264365
2009,WAS,Wizards,1363.8564634146342
2010,ATL,Hawks,1586.7381107526876
2010,BOS,Celtics,1620.7291283018872
2010,CHA,Hornets,1516.715051162791
2010,CHI,Bulls,1484.3601747126436
2010,CLE,Cavaliers,1715.1347806451615
2010,DAL,Mavericks,1601.472668181818
2010,DEN,Nuggets,1626.1860170454543
2010,DET,Pistons,1396.7273890243898
2010,GSW,Warriors,1390.6618353658537
2010,HOU,Rockets,1562.3859914634147
2010,IND,Pacers,1427.3820414634145
2010,LAC,Clippers,1365.9147414634147
2010,LAL,Lakers,1684.1989523809516
2010,MEM,Grizzlies,1469.0211853658536
2010,MIA,Heat,1526.7558126436782
2010,MIL,Bucks,1498.8626573033703
2010,MIN,Timberwolves,1302.6781475609755
2010,NJN,Nets,1304.6722158536593
2010,NOH,Pelicans,1470.5429780487802
2010,NYK,Knicks,1403.0687865853658
2010,OKC,Thunder,1534.3139465909094
2010,ORL,Magic,1663.344817708333
2010,PHI,Sixers,1425.4501817073174
2010,PHO,Suns,1591.4717510204084
2010,POR,Trailblazers,1579.2635761363636
2010,SAC,Kings,1348.9213902439024
2010,SAS,Spurs,1600.5855163043482
2010,TOR,Raptors,1476.7681134146337
2010,UTA,Jazz,1599.006501086957
2010,WAS,Wizards,1368.7466853658536
2011,ATL,Hawks,1536.1646936170214
2011,BOS,Celtics,1660.3392175824172
2011,CHA,Hornets,1453.895447560976
2011,CHI,Bulls,1617.495057142857
2011,CLE,Cavaliers,1375.161269512195
2011,DAL,Mavericks,1635.174734951456
2011,DEN,Nuggets,1587.60818045977
2011,DET,Pistons,1391.0489292682926
2011,GSW,Warriors,1431.6698609756097
2011,HOU,Rockets,1514.9585560975604
2011,IND,Pacers,1481.1520436781611
2011,LAC,Clippers,1387.0146829268297
2011,LAL,Lakers,1652.4449576086956
2011,MEM,Grizzlies,1531.0198747368415
2011,MIA,Heat,1656.6396417475726
2011,MIL,Bucks,1487.7518219512197
2011,MIN,Timberwolves,1314.6176073170734
2011,NJN,Nets,1346.3202134146345
2011,NOH,Pelicans,1528.9786636363633
2011,NYK,Knicks,1482.1219441860464
2011,OKC,Thunder,1602.1865535353534
2011,ORL,Magic,1643.2747011363638
2011,PHI,Sixers,1494.0088701149416
2011,PHO,Suns,1545.396268292683
2011,POR,Trailblazers,1544.3840397727267
2011,SAC,Kings,1347.9094390243897
2011,SAS,Spurs,1662.8584522727274
2011,TOR,Raptors,1377.7312621951223
2011,UTA,Jazz,1530.2080000000008
2011,WAS,Wizards,1337.4226073170732
2012,ATL,Hawks,1539.0646263888887
2012,BOS,Celtics,1575.9561732558136
2012,CHA,Hornets,1284.1820424242426
2012,CHI,Bulls,1670.7925069444445
2012,CLE,Cavaliers,1365.7331787878786
2012,DAL,Mavericks,1591.257615714286
2012,DEN,Nuggets,1581.970653424658
2012,DET,Pistons,1380.9449727272731
2012,GSW,Warriors,1453.5225772727267
2012,HOU,Rockets,1528.053266666666
2012,IND,Pacers,1553.1349779220782
2012,LAC,Clippers,1540.5121207792213
2012,LAL,Lakers,1593.5651243589741
2012,MEM,Grizzlies,1584.6027068493154
2012,MIA,Heat,1676.0518797752811
2012,MIL,Bucks,1494.730459090909
2012,MIN,Timberwolves,1428.9643969696965
2012,NJN,Nets,1343.0871424242425
2012,NOH,Pelicans,1419.2049166666663
2012,NYK,Knicks,1505.6349070422532
2012,OKC,Thunder,1676.024510465116
2012,ORL,Magic,1558.4110633802813
2012,PHI,Sixers,1554.7302189873417
2012,PHO,Suns,1505.7803181818174
2012,POR,Trailblazers,1521.5536590909087
2012,SAC,Kings,1400.8652712121216
2012,SAS,Spurs,1651.0905349999994
2012,TOR,Raptors,1368.2721348484845
2012,UTA,Jazz,1498.8583185714292
2012,WAS,Wizards,1331.5222742424246
2013,ATL,Hawks,1525.0193738636362
2013,BOS,Celtics,1527.482177011495
2013,BRK,Nets,1504.1942393258425
2013,CHA,Hornets,1260.204442682927
2013,CHI,Bulls,1549.85889787234
2013,CLE,Cavaliers,1351.4387560975608
2013,DAL,Mavericks,1494.8288231707318
2013,DEN,Nuggets,1622.2079159090913
2013,DET,Pistons,1410.706443902439
2013,GSW,Warriors,1520.0389882978723
2013,HOU,Rockets,1559.061264772727
2013,IND,Pacers,1579.5378219999996
2013,LAC,Clippers,1629.7949284090903
2013,LAL,Lakers,1535.1592372093028
2013,MEM,Grizzlies,1622.5902989690726
2013,MIA,Heat,1703.857330476191
2013,MIL,Bucks,1481.6079488372088
2013,MIN,Timberwolves,1435.857070731707
2013,NOH,Pelicans,1424.5746365853659
2013,NYK,Knicks,1592.2807882978727
2013,OKC,Thunder,1694.7932462365598
2013,ORL,Magic,1357.1337707317073
2013,PHI,Sixers,1448.7797695121953
2013,PHO,Suns,1433.0610500000003
2013,POR,Trailblazers,1459.242604878049
2013,SAC,Kings,1392.472628048781
2013,SAS,Spurs,1688.1486640776704
2013,TOR,Raptors,1434.1834878048778
2013,UTA,Jazz,1518.3886012195123
2013,WAS,Wizards,1408.253530487805
2014,ATL,Hawks,1480.9952146067412
2014,BOS,Celtics,1419.6202073170728
2014,BRK,Nets,1502.8667340425534
2014,CHA,Hornets,1436.8169383720929
2014,CHI,Bulls,1527.9783206896548
2014,CLE,Cavaliers,1387.190008536585
2014,DAL,Mavericks,1564.1789584269661
2014,DEN,Nuggets,1514.0941134146344
2014,DET,Pistons,1401.415009756097
2014,GSW,Warriors,1603.9973685393263
2014,HOU,Rockets,1613.0696511363633
2014,IND,Pacers,1614.1655950495053
2014,LAC,Clippers,1650.5047968421052
2014,LAL,Lakers,1414.0110719512195
2014,MEM,Grizzlies,1571.9828483146073
2014,MIA,Heat,1664.370055882352
2014,MIL,Bucks,1319.0984390243907
2014,MIN,Timberwolves,1542.6098414634146
2014,NOP,Pelicans,1444.2987256097563
2014,NYK,Knicks,1472.9329048780487
2014,OKC,Thunder,1676.596672277227
2014,ORL,Magic,1331.7472695121955
2014,PHI,Sixers,1312.8530731707324
2014,PHO,Suns,1513.4192817073165
2014,POR,Trailblazers,1579.0642462365593
2014,SAC,Kings,1415.2395585365855
2014,SAS,Spurs,1696.6351999999995
2014,TOR,Raptors,1550.1749382022463
2014,UTA,Jazz,1421.7087914634149
2014,WAS,Wizards,1506.5823021505375
2015,ATL,Hawks,1607.266843877551
2015,BOS,Celtics,1425.5194279069765
2015,BRK,Nets,1468.8618284090912
2015,CHI,Bulls,1572.0016031914893
2015,CHO,Hornets,1453.9361426829275
2015,CLE,Cavaliers,1570.4732392156868
2015,DAL,Mavericks,1598.1919241379308
2015,DEN,Nuggets,1447.9158060975615
2015,DET,Pistons,1407.8583597560976
2015,GSW,Warriors,1725.5747640776701
2015,HOU,Rockets,1623.4501404040404
2015,IND,Pacers,1478.1334256097566
2015,LAC,Clippers,1658.2184406249999
2015,LAL,Lakers,1372.5224914634143
2015,MEM,Grizzlies,1620.6785258064515
2015,MIA,Heat,1488.709397560975
2015,MIL,Bucks,1455.580692045454
2015,MIN,Timberwolves,1365.595607317073
2015,NOP,Pelicans,1500.7466279069765
2015,NYK,Knicks,1352.5188146341459
2015,OKC,Thunder,1580.8519402439022
2015,ORL,Magic,1339.4265939024388
2015,PHI,Sixers,1281.6219292682924
2015,PHO,Suns,1540.292552439025
2015,POR,Trailblazers,1616.8986747126435
2015,SAC,Kings,1425.4173695121951
2015,SAS,Spurs,1676.8730426966301
2015,TOR,Raptors,1571.7330441860465
2015,UTA,Jazz,1448.4386609756098
2015,WAS,Wizards,1538.8614413043476
